City_ID,City,Country,Date,Lat,Lng,Max Temp,Humidity,Cloudiness,Wind Speed
0,Hithadhoo,MV,2020-03-31 21:59:12,-0.6,73.08,83.03,70,50,9.71
1,Port Elizabeth,ZA,2020-03-31 21:59:13,-33.92,25.57,62.6,77,26,12.75
2,Sinazongwe,ZM,2020-03-31 21:59:13,-17.26,27.46,74.26,59,3,0.96
3,Capoterra,IT,2020-03-31 21:59:13,39.18,8.97,59.0,93,99,1.12
4,Rikitea,PF,2020-03-31 21:59:13,-23.12,-134.97,78.69,73,100,8.08
5,Vaini,TO,2020-03-31 21:59:13,-21.2,-175.2,80.6,83,40,2.24
6,Aklavik,CA,2020-03-31 21:50:39,68.22,-135.01,15.8,36,5,13.87
7,Dikson,RU,2020-03-31 21:59:13,73.51,80.55,-2.52,93,100,6.62
8,Yenagoa,NG,2020-03-31 21:59:14,4.92,6.26,79.63,88,100,3.4
9,Bluff,NZ,2020-03-31 21:59:14,-46.6,168.33,51.01,98,31,4.07
10,Mucurapo,TT,2020-03-31 21:59:14,10.67,-61.53,84.2,54,75,11.41
11,Mataura,NZ,2020-03-31 21:59:14,-46.19,168.86,51.01,98,23,1.9
12,Albany,US,2020-03-31 21:59:14,42.6,-73.97,48.2,69,75,5.82
13,Yellowknife,CA,2020-03-31 21:57:09,62.46,-114.35,8.6,39,20,6.93
14,Mar Del Plata,AR,2020-03-31 21:59:14,-38.0,-57.56,64.99,59,40,11.41
15,Puerto Ayora,EC,2020-03-31 21:56:49,-0.74,-90.35,82.4,69,20,6.93
16,New Norfolk,AU,2020-03-31 21:59:15,-42.78,147.06,57.0,81,20,3.36
17,Hobart,AU,2020-03-31 21:54:54,-42.88,147.33,55.99,81,20,3.36
18,Provideniya,RU,2020-03-31 21:59:15,64.38,-173.3,24.8,79,75,2.24
19,Busselton,AU,2020-03-31 21:59:15,-33.65,115.33,54.0,74,98,6.24
20,Tiksi,RU,2020-03-31 21:59:15,71.69,128.87,-5.22,87,100,4.23
21,Barrow,US,2020-03-31 21:55:01,71.29,-156.79,10.4,66,1,16.11
22,Cape Town,ZA,2020-03-31 21:59:15,-33.93,18.42,63.0,77,20,17.22
23,Fortuna,US,2020-03-31 21:59:15,40.6,-124.16,53.6,87,75,11.41
24,Butaritari,KI,2020-03-31 21:59:16,3.07,172.79,83.55,78,82,18.19
25,College,US,2020-03-31 21:59:16,64.86,-147.8,26.01,32,1,9.17
26,Toktogul,KG,2020-03-31 21:59:16,41.87,72.94,52.07,44,100,1.7
27,Hilo,US,2020-03-31 21:59:16,19.73,-155.09,75.2,73,90,5.55
28,Bahsuma,IN,2020-03-31 21:59:16,29.22,77.97,69.93,43,16,6.42
29,Vitim,RU,2020-03-31 21:59:16,59.45,112.56,23.9,95,100,2.1
30,Carnarvon,AU,2020-03-31 21:59:16,-24.87,113.63,68.0,82,96,10.29
31,Saskylakh,RU,2020-03-31 21:59:16,71.92,114.08,-6.92,89,96,13.18
32,Lorengau,PG,2020-03-31 21:59:17,-2.02,147.27,81.73,83,86,10.89
33,Wilkes-Barre,US,2020-03-31 21:58:45,41.25,-75.88,48.99,61,90,4.7
34,Tawang,IN,2020-03-31 21:59:17,27.58,91.87,43.12,29,91,0.89
35,Kahului,US,2020-03-31 21:57:20,20.89,-156.47,75.2,73,40,14.99
36,Punta Arenas,CL,2020-03-31 21:59:17,-53.15,-70.92,53.6,66,40,10.29
37,Mosterhamn,NO,2020-03-31 21:59:17,59.7,5.38,43.0,87,94,11.41
38,Chernyshevskiy,RU,2020-03-31 21:59:17,63.01,112.47,-4.07,87,0,6.76
39,Vestmannaeyjar,IS,2020-03-31 21:51:09,63.44,-20.27,41.61,77,95,26.91
40,Chuy,UY,2020-03-31 21:59:18,-33.7,-53.46,69.28,72,84,14.67
41,Touros,BR,2020-03-31 21:59:18,-5.2,-35.46,80.6,88,40,6.93
42,Garissa,KE,2020-03-31 21:59:18,-0.45,39.64,83.05,68,68,13.02
43,Khatanga,RU,2020-03-31 21:59:18,71.97,102.5,-15.14,89,58,9.22
44,Coihaique,CL,2020-03-31 21:59:18,-45.58,-72.07,55.4,50,20,9.17
45,Avarua,CK,2020-03-31 21:59:18,-21.21,-159.78,84.2,83,75,6.93
46,Rawson,AR,2020-03-31 21:58:33,-43.3,-65.1,69.08,40,20,24.27
47,Talnakh,RU,2020-03-31 21:59:18,69.49,88.4,10.4,92,75,20.13
48,Eureka,US,2020-03-31 21:56:07,40.8,-124.16,54.0,81,90,11.41
49,Cartagena,CO,2020-03-31 21:59:19,10.4,-75.51,87.8,66,40,14.99
50,Ushuaia,AR,2020-03-31 21:57:13,-54.8,-68.3,50.0,71,75,6.93
51,Saint George,US,2020-03-31 21:59:19,37.1,-113.58,69.8,24,1,5.82
52,Jamestown,US,2020-03-31 21:59:19,42.1,-79.24,45.0,81,90,8.05
53,Lebu,CL,2020-03-31 21:51:13,-37.62,-73.65,58.98,69,1,18.77
54,Adrar,MR,2020-03-31 21:59:19,20.5,-10.07,80.67,21,99,3.94
55,Bantry,IE,2020-03-31 21:59:19,51.68,-9.45,44.6,70,75,11.41
56,Grindavik,IS,2020-03-31 21:56:47,63.84,-22.43,37.4,74,75,26.4
57,Phan Thiet,VN,2020-03-31 21:59:20,10.93,108.1,75.63,86,57,6.29
58,Nikolskoye,RU,2020-03-31 21:59:20,59.7,30.79,30.99,74,75,8.95
59,Bredasdorp,ZA,2020-03-31 21:59:20,-34.53,20.04,64.4,59,28,8.05
60,Yinchuan,CN,2020-03-31 21:59:20,38.47,106.27,39.0,23,98,12.01
61,Grand Gaube,MU,2020-03-31 21:59:20,-20.01,57.66,78.01,94,20,2.24
62,Inhambane,MZ,2020-03-31 21:59:20,-23.86,35.38,74.14,70,0,9.1
63,Nome,US,2020-03-31 21:59:20,64.5,-165.41,24.8,85,90,9.17
64,Cidreira,BR,2020-03-31 21:59:20,-30.18,-50.21,74.84,81,99,13.53
65,Linjiang,CN,2020-03-31 21:59:20,41.81,126.91,34.63,71,61,3.44
66,Andros Town,BS,2020-03-31 21:55:08,24.7,-77.77,82.99,65,40,12.75
67,Marawi,PH,2020-03-31 21:59:21,8.0,124.29,66.51,74,92,2.21
68,East London,ZA,2020-03-31 21:59:21,-33.02,27.91,68.85,84,100,20.4
69,Tomatlan,MX,2020-03-31 21:57:14,19.93,-105.25,88.05,38,57,9.82
70,Bethel,US,2020-03-31 21:59:07,41.37,-73.41,48.99,61,90,4.7
71,Hermanus,ZA,2020-03-31 21:59:21,-34.42,19.23,62.01,85,46,14.76
72,Pevek,RU,2020-03-31 21:59:22,69.7,170.31,-0.89,92,49,4.16
73,Constitucion,CL,2020-03-31 21:59:22,-35.33,-72.42,64.17,57,23,18.68
74,Ninohe,JP,2020-03-31 21:59:22,40.27,141.31,51.8,76,75,6.93
75,Ribeira Grande,PT,2020-03-31 21:57:01,38.52,-28.7,57.18,67,95,28.79
76,Beloha,MG,2020-03-31 21:59:22,-25.17,45.05,70.77,85,29,10.89
77,Faanui,PF,2020-03-31 21:59:22,-16.48,-151.75,82.45,77,0,11.14
78,Mecca,SA,2020-03-31 21:59:07,21.43,39.83,77.2,39,0,1.81
79,Bam,IR,2020-03-31 21:51:36,29.11,58.36,66.69,23,0,9.33
80,Tuktoyaktuk,CA,2020-03-31 21:57:00,69.45,-133.04,8.6,60,40,19.46
81,Cabo San Lucas,MX,2020-03-31 21:59:23,22.89,-109.91,84.99,41,40,10.29
82,Port Alfred,ZA,2020-03-31 21:59:23,-33.59,26.89,68.67,79,99,17.67
83,Margate,GB,2020-03-31 21:59:23,51.38,1.39,42.01,86,0,3.36
84,Suez,EG,2020-03-31 21:58:17,29.97,32.53,66.99,48,0,11.7
85,Bettiah,IN,2020-03-31 21:59:23,26.8,84.5,73.35,20,31,4.07
86,Victoria,HK,2020-03-31 21:59:23,22.29,114.16,66.99,100,40,5.82
87,Tsurugi,JP,2020-03-31 21:59:24,36.45,136.63,53.6,87,90,2.24
88,Ambovombe,MG,2020-03-31 21:59:24,-25.17,46.08,71.69,86,5,10.69
89,Atuona,PF,2020-03-31 21:57:07,-9.8,-139.03,82.18,80,1,15.46
90,Saint-Philippe,RE,2020-03-31 21:59:24,-21.36,55.77,77.0,83,75,9.17
91,Qaqortoq,GL,2020-03-31 21:57:15,60.72,-46.03,35.6,74,20,5.82
92,Chokurdakh,RU,2020-03-31 21:59:24,70.63,147.92,-6.36,91,90,5.44
93,Tasiilaq,GL,2020-03-31 21:57:00,65.61,-37.64,28.4,36,2,19.46
94,Matagami,CA,2020-03-31 21:57:21,49.75,-77.63,50.0,19,1,8.05
95,Fernley,US,2020-03-31 21:59:25,39.61,-119.25,66.2,27,40,17.22
96,Portland,US,2020-03-31 21:59:12,45.52,-122.68,54.0,70,90,4.7
97,Araouane,ML,2020-03-31 21:59:25,18.9,-3.53,83.77,12,1,7.7
98,Kapaa,US,2020-03-31 21:59:25,22.08,-159.32,75.2,73,40,13.87
99,Loandjili,CG,2020-03-31 21:59:25,-4.76,11.86,84.2,89,20,10.29
100,Kodiak,US,2020-03-31 21:59:25,57.79,-152.41,37.4,34,1,4.7
101,Sungairaya,ID,2020-03-31 21:59:26,0.7,108.9,76.05,84,70,1.45
102,Severo-Kurilsk,RU,2020-03-31 21:59:26,50.68,156.12,35.1,85,100,15.08
103,Novikovo,RU,2020-03-31 21:59:26,51.15,37.89,29.7,86,16,10.49
104,Ponta Do Sol,PT,2020-03-31 21:59:26,32.67,-17.1,59.0,72,20,13.87
105,Namwala,ZM,2020-03-31 21:59:26,-15.75,26.44,66.45,62,8,3.94
106,Tautira,PF,2020-03-31 21:59:26,-17.73,-149.15,87.8,70,2,5.82
107,Qaanaaq,GL,2020-03-31 21:59:26,77.48,-69.36,7.83,73,91,2.84
108,Avera,US,2020-03-31 21:59:27,33.19,-82.53,62.6,86,90,6.44
109,Payson,US,2020-03-31 21:55:05,40.04,-111.73,64.4,33,75,10.29
110,Susangerd,IR,2020-03-31 21:59:27,31.56,48.18,62.6,63,0,2.24
111,Kuito,AO,2020-03-31 21:59:27,-12.38,16.93,61.56,56,95,4.56
112,Kampot,KH,2020-03-31 21:51:10,10.62,104.18,78.8,88,20,2.24
113,Jalpan,MX,2020-03-31 21:57:52,21.23,-99.48,87.67,31,7,9.8
114,Bilibino,RU,2020-03-31 21:59:27,68.05,166.44,-2.94,85,83,1.03
115,Narsaq,GL,2020-03-31 21:59:27,60.92,-46.05,35.6,74,20,5.82
116,Grand-Santi,GF,2020-03-31 21:59:27,4.25,-54.38,83.25,70,100,4.59
117,Iqaluit,CA,2020-03-31 21:57:37,63.75,-68.51,-2.2,58,20,3.36
118,Ancud,CL,2020-03-31 21:59:28,-41.87,-73.82,60.8,48,40,12.75
119,Maturin,VE,2020-03-31 21:59:28,9.75,-63.18,89.02,39,56,9.91
120,Lavrentiya,RU,2020-03-31 21:59:28,65.58,-171.0,15.76,93,0,7.27
121,Senanga,ZM,2020-03-31 21:59:28,-16.12,23.27,69.87,66,99,2.86
122,Georgetown,MY,2020-03-31 21:59:28,5.41,100.34,84.0,88,20,3.76
123,Port Lincoln,AU,2020-03-31 21:59:28,-34.73,135.87,62.56,76,100,5.64
124,Petropavlovsk-Kamchatskiy,RU,2020-03-31 21:51:06,53.05,158.65,32.0,93,75,4.47
125,Barabai,ID,2020-03-31 21:59:28,-2.58,115.38,74.39,88,94,0.6
126,Aitape,PG,2020-03-31 21:59:29,-3.14,142.35,78.22,82,100,4.7
127,Saint-Raymond,CA,2020-03-31 21:59:29,45.47,-73.61,46.0,39,40,21.92
128,Kaitangata,NZ,2020-03-31 21:59:29,-46.28,169.85,52.0,91,2,1.99
129,Bengkulu,ID,2020-03-31 21:59:29,-3.8,102.27,77.41,81,100,3.33
130,Mareeba,AU,2020-03-31 21:56:53,-17.0,145.43,78.8,74,40,16.11
131,Kitovo,RU,2020-03-31 21:59:29,56.87,41.28,23.45,95,100,10.47
132,Kruisfontein,ZA,2020-03-31 21:51:34,-34.0,24.73,59.56,81,0,12.19
133,Baykit,RU,2020-03-31 21:50:54,61.67,96.37,13.42,91,44,4.09
134,Pangnirtung,CA,2020-03-31 21:50:57,66.15,-65.71,-11.2,47,5,14.99
135,Pachino,IT,2020-03-31 21:51:10,36.72,15.09,53.6,87,73,3.36
136,Lomza,PL,2020-03-31 21:58:59,53.18,22.06,28.0,76,5,6.73
137,High Level,CA,2020-03-31 21:51:28,58.52,-117.14,14.0,51,40,12.75
138,Torbay,CA,2020-03-31 21:59:30,47.67,-52.73,36.0,100,90,4.7
139,Necochea,AR,2020-03-31 21:50:57,-38.55,-58.74,63.0,69,77,3.0
140,Kutum,SD,2020-03-31 21:59:30,14.2,24.67,71.55,14,23,3.65
141,Praya,CV,2020-03-31 21:56:08,14.92,-23.51,75.2,53,61,14.99
142,Grootfontein,NA,2020-03-31 21:59:30,-19.57,18.12,64.11,58,7,2.66
143,Broome,US,2020-03-31 21:50:51,42.25,-75.83,48.99,81,90,6.93
144,Pirganj,BD,2020-03-31 21:59:31,25.85,88.36,75.25,20,0,1.36
145,Esso,RU,2020-03-31 21:59:31,55.93,158.7,18.1,88,100,5.91
146,Cowra,AU,2020-03-31 21:59:31,-33.83,148.68,57.0,89,0,1.99
147,Banda Aceh,ID,2020-03-31 21:51:26,5.56,95.32,79.79,78,87,3.33
148,Moche,PE,2020-03-31 21:59:32,-8.17,-79.01,77.7,66,86,8.12
149,Port Hardy,CA,2020-03-31 21:51:19,50.7,-127.42,46.4,65,75,13.87
150,Lata,PT,2020-03-31 21:51:16,40.16,-8.33,44.01,87,20,4.7
151,Xining,CN,2020-03-31 21:51:01,36.62,101.77,30.13,38,99,3.27
152,Saint-Francois,FR,2020-03-31 21:59:32,46.42,3.91,37.4,55,0,3.36
153,Cherskiy,RU,2020-03-31 21:59:32,68.75,161.3,-2.06,91,80,8.99
154,Saint Anthony,US,2020-03-31 21:58:31,45.02,-93.22,55.99,32,1,6.93
155,San Quintin,MX,2020-03-31 21:59:33,30.48,-115.95,66.83,59,100,10.58
156,Leningradskiy,RU,2020-03-31 21:57:46,69.38,178.42,7.57,91,13,5.39
157,Cayenne,GF,2020-03-31 21:51:10,4.93,-52.33,80.6,83,90,8.05
158,Shache,CN,2020-03-31 21:59:33,38.42,77.24,49.1,27,100,7.49
159,Birao,CF,2020-03-31 21:50:58,10.28,22.79,84.38,13,4,5.95
160,Kloulklubed,PW,2020-03-31 21:59:33,7.04,134.26,78.8,88,75,3.36
161,Arraial Do Cabo,BR,2020-03-31 21:59:33,-22.97,-42.03,78.8,83,75,9.17
162,Burdur,TR,2020-03-31 21:59:34,37.72,30.29,48.2,87,75,8.05
163,Port Blair,IN,2020-03-31 21:59:34,11.67,92.75,81.12,74,71,4.25
164,Acarau,BR,2020-03-31 21:59:34,-2.89,-40.12,79.79,87,97,9.28
165,Ambilobe,MG,2020-03-31 21:48:23,-13.2,49.05,76.64,89,71,1.99
166,Sobolevo,RU,2020-03-31 21:59:34,54.43,31.9,26.31,80,23,6.04
167,Silopi,TR,2020-03-31 21:59:34,37.25,42.47,52.3,64,100,7.54
168,Marquette,US,2020-03-31 21:50:25,46.53,-87.63,37.0,84,90,16.11
169,Kosh-Agach,RU,2020-03-31 21:59:35,50.0,88.67,5.81,66,0,1.61
170,Huancabamba,PE,2020-03-31 21:59:35,-5.24,-79.45,64.96,48,92,1.5
171,Saint-Augustin,CA,2020-03-31 21:59:35,51.23,-58.65,34.74,87,100,18.34
172,Kenai,US,2020-03-31 21:59:35,60.55,-151.26,28.4,58,1,3.36
173,Tigil,RU,2020-03-31 21:59:35,57.8,158.67,22.57,95,100,9.06
174,Safranbolu,TR,2020-03-31 21:59:31,41.25,32.69,46.04,66,100,2.68
175,Airai,TL,2020-03-31 21:59:36,-8.93,125.41,60.51,71,92,1.12
176,Mehamn,NO,2020-03-31 21:59:36,71.04,27.85,28.4,79,90,14.99
177,Kimbe,PG,2020-03-31 21:59:36,-5.55,150.14,76.93,90,98,1.52
178,Kavieng,PG,2020-03-31 21:59:36,-2.57,150.8,82.96,75,99,7.45
179,Pizarro,CO,2020-03-31 21:59:36,4.95,-77.37,81.25,77,99,6.89
180,Faro,PT,2020-03-31 21:59:37,37.02,-7.93,55.4,71,20,9.17
181,Thompson,CA,2020-03-31 21:55:12,55.74,-97.86,21.2,67,75,20.8
182,Castro,BR,2020-03-31 21:57:23,-24.79,-50.01,70.81,52,3,1.63
183,Foumban,CM,2020-03-31 21:59:37,5.73,10.9,70.12,62,100,2.8
184,Cabanas,CU,2020-03-31 21:59:37,22.98,-82.92,89.6,46,40,11.41
185,Samarinda,ID,2020-03-31 21:59:37,-0.5,117.15,73.9,97,100,2.37
186,Jiazi,CN,2020-03-31 21:59:37,22.88,116.07,68.14,83,83,5.73
187,Belmonte,BR,2020-03-31 21:59:38,-15.86,-38.88,80.6,74,20,8.05
188,Hami,CN,2020-03-31 21:59:38,42.8,93.45,43.63,35,0,13.85
189,Kargil,IN,2020-03-31 21:59:38,34.57,76.1,26.01,27,100,3.85
190,Havelock,US,2020-03-31 21:58:44,34.88,-76.9,59.0,58,90,19.46
191,Ixtapa,MX,2020-03-31 21:59:38,20.7,-105.2,81.0,74,40,14.99
192,Nhulunbuy,AU,2020-03-31 21:59:38,-12.23,136.77,78.8,94,97,8.95
193,Lom Sak,TH,2020-03-31 21:59:38,16.78,101.24,82.99,62,10,2.33
194,Katsuura,JP,2020-03-31 21:59:39,35.13,140.3,51.8,93,75,12.75
195,Arlit,NE,2020-03-31 21:51:01,18.74,7.39,89.29,10,9,11.43
196,Srednekolymsk,RU,2020-03-31 21:50:46,67.45,153.68,1.06,88,45,2.13
197,Terney,RU,2020-03-31 21:59:39,45.05,136.61,40.24,73,100,7.49
198,Robertson,US,2020-03-31 21:59:39,36.52,-86.87,55.0,58,90,12.75
199,Vila,PT,2020-03-31 21:59:39,42.03,-8.16,51.01,87,40,1.12
200,Gigmoto,PH,2020-03-31 21:59:40,13.78,124.39,81.21,77,94,6.64
201,Atherton,GB,2020-03-31 21:59:40,53.52,-2.49,46.0,75,90,3.36
202,Bull Savanna,JM,2020-03-31 21:59:40,17.89,-77.59,79.79,62,4,7.38
203,Merauke,ID,2020-03-31 21:59:40,-8.47,140.33,78.69,88,97,4.43
204,Doha,QA,2020-03-31 21:54:47,25.29,51.53,75.2,33,0,8.05
205,Ilhabela,BR,2020-03-31 21:55:31,-23.78,-45.36,76.28,81,42,8.3
206,Solnechnyy,RU,2020-03-31 21:59:40,50.72,136.63,25.5,86,9,4.25
207,Barbastro,ES,2020-03-31 21:59:41,42.04,0.13,48.2,87,90,10.29
208,Pendleton,US,2020-03-31 21:59:41,45.67,-118.79,57.0,44,20,26.4
209,Santa Isabel Do Rio Negro,BR,2020-03-31 21:59:41,-0.41,-65.02,81.68,93,100,0.76
210,Anaconda,US,2020-03-31 21:59:41,46.13,-112.94,37.4,69,90,12.75
211,Mahebourg,MU,2020-03-31 21:59:41,-20.41,57.7,78.01,94,20,2.24
212,Puerto Carreno,CO,2020-03-31 21:59:41,6.19,-67.49,96.8,34,20,9.17
213,Longyearbyen,SJ,2020-03-31 21:56:47,78.22,15.64,-2.2,84,20,2.24
214,Fomboni,KM,2020-03-31 21:51:32,-12.28,43.74,82.98,78,14,11.59
215,Tokmak,UA,2020-03-31 21:59:42,47.25,35.71,37.38,72,45,9.93
216,Hostotipaquillo,MX,2020-03-31 21:59:42,21.07,-104.07,97.2,11,8,4.41
217,Vanavara,RU,2020-03-31 21:58:34,60.34,102.28,21.94,94,96,9.01
218,Saldanha,ZA,2020-03-31 21:59:42,-33.01,17.94,60.8,77,0,14.99
219,Qeshm,IR,2020-03-31 21:59:42,26.96,56.27,71.6,88,0,6.93
220,San Cristobal,VE,2020-03-31 21:59:43,7.77,-72.22,84.2,62,40,8.05
221,Bandar-E Lengeh,IR,2020-03-31 21:59:43,26.56,54.88,71.6,56,0,4.7
222,Dunedin,NZ,2020-03-31 21:55:02,-45.87,170.5,53.85,78,0,3.42
223,Norman Wells,CA,2020-03-31 21:59:43,65.28,-126.83,14.0,47,5,21.92
224,El Ocoton,HN,2020-03-31 21:59:43,15.03,-88.88,88.99,34,0,5.41
225,Zima,RU,2020-03-31 21:59:43,53.92,102.04,27.0,90,36,3.36
226,Solwezi,ZM,2020-03-31 21:59:43,-12.17,26.39,64.26,64,81,2.84
227,Opuwo,NA,2020-03-31 21:59:44,-18.06,13.84,70.66,36,0,2.35
228,Buchanan,LR,2020-03-31 21:59:44,5.88,-10.05,81.05,85,39,6.55
229,Callaway,US,2020-03-31 21:59:44,30.15,-85.57,75.0,83,40,11.41
230,Fukue,JP,2020-03-31 21:59:44,32.69,128.84,57.31,91,100,23.62
231,Weymouth,US,2020-03-31 21:59:44,42.22,-70.94,46.99,60,11,6.93
232,Havre-Saint-Pierre,CA,2020-03-31 21:51:27,50.23,-63.6,37.4,64,90,31.09
233,Bilma,NE,2020-03-31 21:59:44,18.69,12.92,88.65,14,0,7.47
234,Ust-Tarka,RU,2020-03-31 21:59:44,55.57,75.7,23.47,94,74,7.67
235,Sabak,MY,2020-03-31 21:59:45,3.77,100.99,78.8,88,20,4.27
236,Port Augusta,AU,2020-03-31 21:50:48,-32.5,137.77,64.99,82,90,4.7
237,Goya,AR,2020-03-31 21:59:45,-29.14,-59.26,77.47,72,99,3.56
238,Padang,ID,2020-03-31 21:59:45,-0.95,100.35,78.21,75,100,2.8
239,Quatre Cocos,MU,2020-03-31 21:57:12,-20.21,57.76,78.01,94,20,2.24
240,Sistranda,NO,2020-03-31 21:50:54,63.73,8.83,39.2,69,75,21.92
241,Aykhal,RU,2020-03-31 21:50:44,66.0,111.5,-7.6,83,100,8.95
242,Peniche,PT,2020-03-31 21:55:32,39.36,-9.38,50.0,87,20,4.7
243,Letka,RU,2020-03-31 21:59:46,59.6,49.42,21.33,96,100,8.28
244,Dingle,PH,2020-03-31 21:59:46,11.0,122.67,77.07,83,94,7.11
245,Effingham,US,2020-03-31 21:59:46,32.37,-81.33,71.6,93,90,4.7
246,Clyde River,CA,2020-03-31 21:59:46,70.47,-68.59,3.2,71,90,17.22
247,Manzanillo,CU,2020-03-31 21:59:46,20.34,-77.12,84.43,55,0,11.1
248,Isangel,VU,2020-03-31 21:59:46,-19.55,169.27,79.5,84,94,17.16
249,Adwa,ET,2020-03-31 21:59:46,14.16,38.9,63.63,38,7,5.44
250,Puerto Del Rosario,ES,2020-03-31 21:51:25,28.5,-13.86,68.0,64,20,6.93
251,Puerto Leguizamo,CO,2020-03-31 21:59:47,-0.19,-74.78,73.11,93,100,2.35
252,Hermosillo,MX,2020-03-31 21:56:19,29.07,-110.97,89.01,16,98,5.99
253,Abu Samrah,SY,2020-03-31 21:59:47,35.3,37.18,56.95,60,21,7.85
254,Pietarsaari,FI,2020-03-31 21:59:47,63.65,22.68,37.99,59,52,8.05
255,Dubbo,AU,2020-03-31 21:59:47,-32.25,148.62,64.4,88,0,11.41
256,Harper,LR,2020-03-31 21:59:47,4.38,-7.72,82.18,84,61,7.49
257,Sitka,US,2020-03-31 21:57:38,57.05,-135.33,37.4,40,20,5.82
258,Asau,RO,2020-03-31 21:50:38,46.43,26.4,32.0,77,35,4.7
259,Broken Hill,AU,2020-03-31 21:59:48,-31.95,141.43,64.4,59,75,16.11
260,Filadelfia,US,2020-03-31 21:57:29,39.95,-75.16,46.4,70,90,9.17
261,Alamosa,US,2020-03-31 21:57:40,37.47,-105.87,64.4,12,1,4.7
262,Allapalli,IN,2020-03-31 21:59:48,19.42,80.07,83.7,30,18,1.81
263,Udachnyy,RU,2020-03-31 21:59:48,66.42,112.4,-7.6,83,72,8.95
264,Coquimbo,CL,2020-03-31 21:59:48,-29.95,-71.34,62.6,82,40,13.87
265,Nouadhibou,MR,2020-03-31 21:59:48,20.93,-17.03,69.8,68,100,12.75
266,Fairbanks,US,2020-03-31 21:51:38,64.84,-147.72,26.01,32,1,11.41
267,Novyy Urengoy,RU,2020-03-31 21:59:49,66.08,76.63,10.54,93,79,10.09
268,Vardo,NO,2020-03-31 21:59:49,70.37,31.11,23.0,92,75,13.87
269,Dicabisagan,PH,2020-03-31 21:59:49,17.08,122.42,76.1,84,94,4.9
270,Thunder Bay,CA,2020-03-31 21:51:17,48.4,-89.32,39.2,60,75,10.29
271,Te Anau,NZ,2020-03-31 21:57:43,-45.42,167.72,52.2,65,28,0.74
272,Ambajogai,IN,2020-03-31 21:59:49,18.73,76.38,83.1,29,67,5.17
273,Jizan,SA,2020-03-31 21:59:49,17.33,42.67,82.4,78,0,3.36
274,Vao,NC,2020-03-31 21:51:21,-22.67,167.48,74.39,74,1,16.82
275,Saint-Joseph,RE,2020-03-31 21:51:36,-21.37,55.62,77.0,83,75,9.17
276,La Ronge,CA,2020-03-31 21:57:18,55.1,-105.28,6.8,77,90,4.7
277,Iskateley,RU,2020-03-31 21:59:50,67.68,53.15,7.03,95,1,3.47
278,San Juan,AR,2020-03-31 21:59:50,-31.54,-68.54,79.84,39,45,6.06
279,Atambua,ID,2020-03-31 21:59:50,-9.11,124.89,73.63,79,77,2.75
280,Maltahohe,NA,2020-03-31 21:50:39,-24.83,16.98,66.97,21,0,8.81
281,Appleton,US,2020-03-31 21:58:23,44.26,-88.42,42.8,60,75,10.29
282,Demba,CD,2020-03-31 21:59:51,-5.51,22.27,72.95,67,81,0.98
283,Borogontsy,RU,2020-03-31 21:59:51,62.67,131.17,16.75,95,100,7.0
284,Lakatoro,VU,2020-03-31 21:59:51,-16.1,167.42,81.63,81,100,19.26
285,Yar-Sale,RU,2020-03-31 21:59:51,66.83,70.83,7.77,92,25,8.59
286,Urengoy,RU,2020-03-31 21:59:51,65.97,78.37,9.3,94,73,8.79
287,Poso,ID,2020-03-31 21:59:52,-1.4,120.75,78.24,69,99,2.37
288,Bandarbeyla,SO,2020-03-31 21:59:52,9.49,50.81,80.55,77,14,8.79
289,Namatanai,PG,2020-03-31 21:59:52,-3.67,152.43,81.79,76,100,8.34
290,Ivanteyevka,RU,2020-03-31 21:59:52,55.97,37.92,23.0,49,59,8.95
291,Alekseyevskoye,RU,2020-03-31 21:59:52,55.31,50.11,35.6,80,56,2.24
292,Ndjole,GA,2020-03-31 21:59:52,-0.18,10.76,78.46,87,77,1.77
293,Santa Maria Del Oro,MX,2020-03-31 21:58:45,25.93,-105.37,79.12,9,100,6.85
294,Ardakan,IR,2020-03-31 21:59:52,32.31,54.02,55.4,30,0,4.7
295,Atbasar,KZ,2020-03-31 21:59:53,51.8,68.33,21.36,91,14,9.35
296,Cangzhou,CN,2020-03-31 21:59:53,38.32,116.87,49.95,41,99,14.34
297,Cachoeira Do Sul,BR,2020-03-31 21:51:28,-30.04,-52.89,80.62,58,58,11.25
298,Tessalit,ML,2020-03-31 21:51:10,20.2,1.01,78.58,11,0,9.62
299,Loei,TH,2020-03-31 21:59:53,17.42,101.5,79.0,72,33,4.27
300,Namangan,UZ,2020-03-31 21:59:53,41.0,71.67,59.0,58,100,4.7
301,Delta Del Tigre,UY,2020-03-31 21:59:53,-34.76,-56.39,69.8,83,40,14.99
302,Ladario,BR,2020-03-31 21:59:54,-19.0,-57.6,78.8,88,75,6.93
303,Lakes Entrance,AU,2020-03-31 21:59:54,-37.88,147.98,45.0,95,0,4.21
304,Beringovskiy,RU,2020-03-31 21:59:54,63.05,179.32,30.22,94,97,16.64
305,Kazachinskoye,RU,2020-03-31 21:59:54,57.7,93.28,35.78,90,100,8.77
306,Klaksvik,FO,2020-03-31 21:59:54,62.23,-6.59,44.6,87,100,23.04
307,Mastic Beach,US,2020-03-31 21:59:55,40.77,-72.85,46.99,72,40,8.05
308,Kalmunai,LK,2020-03-31 21:59:55,7.42,81.82,77.9,70,39,4.5
309,Labrea,BR,2020-03-31 21:59:55,-7.26,-64.8,86.31,72,83,1.39
310,Sembe,CG,2020-03-31 21:59:55,1.65,14.58,73.35,81,94,1.3
311,Santa Vitoria Do Palmar,BR,2020-03-31 21:59:55,-33.52,-53.37,69.4,74,96,15.66
312,Mpulungu,ZM,2020-03-31 21:59:55,-8.76,31.11,74.68,58,73,3.58
313,Irbil,IQ,2020-03-31 21:57:00,36.19,44.01,55.4,82,75,4.7
314,Alyangula,AU,2020-03-31 21:51:04,-13.85,136.42,73.4,100,10,4.63
315,Cockburn Town,TC,2020-03-31 21:51:01,21.46,-71.14,77.14,68,0,9.75
316,Khonsa,IN,2020-03-31 21:59:56,27.02,95.57,62.65,37,2,3.62
317,Luderitz,NA,2020-03-31 21:56:56,-26.65,15.16,64.4,63,0,11.41
318,Newark,US,2020-03-31 21:56:44,40.74,-74.17,48.2,65,75,5.82
319,Pudozh,RU,2020-03-31 21:51:32,61.81,36.53,25.43,86,100,11.7
320,Bambous Virieux,MU,2020-03-31 21:59:56,-20.34,57.76,78.01,94,20,2.24
321,Whitianga,NZ,2020-03-31 21:59:56,-36.83,175.7,64.6,72,78,5.95
322,Valle De Allende,MX,2020-03-31 21:59:56,26.93,-105.4,76.57,9,69,7.07
323,Noumea,NC,2020-03-31 21:59:57,-22.28,166.46,79.0,65,4,3.36
324,Hualmay,PE,2020-03-31 21:59:57,-11.1,-77.61,77.14,65,83,8.5
325,Almaty,KZ,2020-03-31 21:59:57,43.25,76.95,50.0,34,75,4.47
326,Makat,KZ,2020-03-31 21:59:57,47.65,53.35,48.02,82,47,2.55
327,Price,US,2020-03-31 21:59:57,39.6,-110.81,63.0,26,1,4.7
328,Pierre,US,2020-03-31 21:59:57,44.37,-100.35,66.2,37,1,14.99
329,Kabale,UG,2020-03-31 21:59:58,-1.25,29.99,59.0,53,84,2.3
330,Mandalgovi,MN,2020-03-31 21:59:58,45.76,106.27,23.76,47,0,8.32
331,Russell,US,2020-03-31 21:51:06,32.35,-85.2,73.4,56,75,23.04
332,Gat,IL,2020-03-31 21:59:58,31.61,34.76,64.4,68,40,8.05
333,Tateyama,JP,2020-03-31 21:58:40,34.98,139.87,52.0,93,75,12.75
334,Namibe,AO,2020-03-31 21:59:58,-15.2,12.15,73.96,71,17,9.08
335,Dennis,US,2020-03-31 21:59:58,41.74,-70.19,41.0,60,40,12.75
336,North Bend,US,2020-03-31 21:57:25,43.41,-124.22,53.01,62,20,11.41
337,Les Ponts-De-Ce,FR,2020-03-31 21:59:59,47.42,-0.52,46.0,56,0,6.93
338,Batticaloa,LK,2020-03-31 21:59:59,7.71,81.69,76.15,73,58,2.3
339,Tekkali,IN,2020-03-31 21:59:59,18.62,84.23,81.03,68,0,4.9
340,Okhtyrka,UA,2020-03-31 21:59:59,50.31,34.9,30.06,86,0,8.84
341,Half Moon Bay,US,2020-03-31 21:50:44,37.46,-122.43,71.01,63,20,11.41
342,Bereda,ES,2020-03-31 22:00:00,43.27,-7.54,50.0,81,20,3.36
343,Ilulissat,GL,2020-03-31 21:51:33,69.22,-51.1,3.2,77,97,17.22
344,Gazli,UZ,2020-03-31 22:00:00,40.13,63.45,58.21,64,100,8.1
345,Kadoma,JP,2020-03-31 22:00:00,34.73,135.58,59.0,82,75,16.11
346,Upernavik,GL,2020-03-31 21:56:50,72.79,-56.15,-2.56,89,67,24.85
347,Husavik,IS,2020-03-31 22:00:01,66.04,-17.34,41.0,52,75,42.5
348,Mount Isa,AU,2020-03-31 21:55:54,-20.73,139.5,77.0,44,0,4.7
349,Benito Juarez,MX,2020-03-31 22:00:01,19.39,-99.17,89.6,10,40,16.11
350,Key West,US,2020-03-31 21:46:40,24.56,-81.78,82.99,69,1,9.17
351,Oromocto,CA,2020-03-31 22:00:01,45.84,-66.48,35.01,64,90,17.22
352,Nizhnyaya Tavda,RU,2020-03-31 22:00:02,57.67,66.17,30.27,96,100,7.07
353,Bloemfontein,ZA,2020-03-31 22:00:02,-29.12,26.21,57.2,100,73,3.36
354,Sandviken,SE,2020-03-31 22:00:02,60.62,16.77,42.01,53,97,7.0
355,Batouri,CM,2020-03-31 22:00:03,4.43,14.37,75.83,65,97,1.28
356,Kupang,ID,2020-03-31 22:00:03,-10.17,123.58,73.4,100,20,3.36
357,Boras,SE,2020-03-31 22:00:04,57.72,12.94,39.99,86,90,12.75
358,Berlevag,NO,2020-03-31 21:51:39,70.86,29.09,26.6,79,90,14.99
359,Gamba,GA,2020-03-31 22:00:05,-2.65,10.0,80.06,84,1,7.2
360,Kontagora,NG,2020-03-31 22:00:06,10.4,5.47,89.94,30,39,3.51
361,Awbari,LY,2020-03-31 22:00:07,26.59,12.78,67.33,21,64,11.65
362,Ilinskiy,RU,2020-03-31 22:00:07,55.62,38.12,23.0,73,86,6.71
363,Gizo,SB,2020-03-31 21:51:03,-8.1,156.84,81.34,82,97,12.41
364,Atar,MR,2020-03-31 22:00:08,20.52,-13.05,86.13,23,100,7.18
365,Swan Hill,AU,2020-03-31 22:00:08,-35.34,143.55,57.11,57,14,6.93
366,Mayumba,GA,2020-03-31 21:51:31,-3.43,10.66,80.6,84,27,7.05
367,Bhiwani,IN,2020-03-31 22:00:08,28.78,76.13,68.77,47,0,4.47
368,Novoorsk,RU,2020-03-31 22:00:09,51.38,58.98,37.4,76,100,4.47
369,Magistralnyy,RU,2020-03-31 22:00:09,56.17,107.45,32.4,80,100,6.62
370,Paciran,ID,2020-03-31 22:00:09,-6.88,112.38,78.24,83,27,2.3
371,Upanema,BR,2020-03-31 22:00:10,-5.64,-37.26,82.42,73,94,7.63
372,Pisco,PE,2020-03-31 21:51:19,-13.7,-76.22,72.0,30,75,5.82
373,Dakar,SN,2020-03-31 21:46:12,14.69,-17.44,77.0,73,13,11.41
374,Togur,RU,2020-03-31 22:00:10,58.36,82.83,34.09,93,99,8.93
375,Henties Bay,NA,2020-03-31 22:00:10,-22.12,14.28,59.0,90,0,1.99
376,Leshukonskoye,RU,2020-03-31 22:00:10,64.9,45.76,15.12,94,19,4.47
377,Komsomolskiy,UZ,2020-03-31 22:00:11,40.43,71.72,59.0,58,100,4.7
378,Campos Altos,BR,2020-03-31 22:00:11,-19.7,-46.17,70.18,65,75,0.36
379,Aldan,RU,2020-03-31 22:00:11,58.6,125.39,13.66,89,100,12.97
380,Altus,US,2020-03-31 22:00:12,34.64,-99.33,66.99,52,1,4.18
381,Kologriv,RU,2020-03-31 22:00:12,58.83,44.32,22.75,96,100,8.01
382,Northam,GB,2020-03-31 22:00:12,51.03,-4.22,45.0,83,7,5.82
383,Codrington,AU,2020-03-31 22:00:12,-38.27,141.97,56.68,84,4,7.27
384,Kieta,PG,2020-03-31 22:00:12,-6.22,155.63,79.02,81,99,4.5
385,Nabire,ID,2020-03-31 22:00:13,-3.37,135.48,76.87,88,97,1.34
386,Alta Floresta,BR,2020-03-31 21:59:54,-9.88,-56.09,89.6,62,20,4.7
387,Naze,JP,2020-03-31 22:00:13,28.37,129.48,71.6,94,75,6.93
388,Stornoway,GB,2020-03-31 22:00:13,58.21,-6.39,42.8,81,100,9.17
389,Hamilton,US,2020-03-31 21:56:37,39.18,-84.53,46.99,65,90,6.93
390,Mount Darwin,ZW,2020-03-31 22:00:14,-16.77,31.58,65.7,58,2,1.23
391,Itarema,BR,2020-03-31 21:58:00,-2.92,-39.92,80.2,86,98,10.2
392,Plainview,US,2020-03-31 22:00:14,40.78,-73.47,48.2,72,90,8.05
393,Mayo,US,2020-03-31 22:00:14,38.89,-76.51,48.99,81,90,13.87
394,Vestmanna,FO,2020-03-31 21:50:57,62.16,-7.17,44.6,87,100,23.04
395,Sao Filipe,CV,2020-03-31 22:00:14,14.9,-24.5,74.41,78,79,13.4
396,Ojinaga,MX,2020-03-31 22:00:15,29.57,-104.42,79.0,8,1,5.84
397,Belaya Gora,RU,2020-03-31 22:00:15,68.53,146.42,2.93,93,100,2.91
398,Mount Gambier,AU,2020-03-31 22:00:15,-37.83,140.77,48.2,100,90,4.23
399,Dhidhdhoo,MV,2020-03-31 21:50:42,6.88,73.1,83.95,76,50,9.01
400,Shenjiamen,CN,2020-03-31 22:00:15,29.96,122.3,51.71,84,100,18.95
401,Souillac,MU,2020-03-31 22:00:16,-20.52,57.52,78.01,94,20,2.24
402,Bonavista,CA,2020-03-31 22:00:16,48.65,-53.11,34.0,84,100,1.01
403,Penha,BR,2020-03-31 21:55:19,-26.77,-48.65,80.6,83,40,9.17
404,Goure,NE,2020-03-31 21:51:24,13.98,10.27,91.99,12,98,1.99
405,Dzhebariki-Khaya,RU,2020-03-31 22:00:16,62.22,135.8,13.87,92,97,4.05
406,Casablanca,MA,2020-03-31 21:58:44,33.59,-7.62,62.01,93,40,10.29
407,Monte Santo,BR,2020-03-31 22:00:17,-10.44,-39.33,77.65,63,95,7.38
408,Zhezkazgan,KZ,2020-03-31 21:51:11,47.8,67.71,38.62,62,100,11.36
409,Maarianhamina,AX,2020-03-31 22:00:17,60.1,19.93,41.0,60,98,10.29
410,Esperance,AU,2020-03-31 21:51:20,-33.87,121.9,53.6,93,75,3.36
411,Vila Velha,BR,2020-03-31 21:56:40,-20.33,-40.29,79.0,88,75,3.36
412,San Patricio,MX,2020-03-31 22:00:17,19.22,-104.7,84.2,79,5,11.41
413,Umm Lajj,SA,2020-03-31 21:57:34,25.02,37.27,77.58,36,14,5.01
414,Neiafu,TO,2020-03-31 22:00:18,-18.65,-173.98,81.73,77,99,6.64
415,Pimenta Bueno,BR,2020-03-31 22:00:18,-11.67,-61.19,84.43,78,60,2.1
416,Nara,JP,2020-03-31 22:00:18,34.69,135.8,59.0,82,75,16.11
417,Marzuq,YE,2020-03-31 22:00:18,14.4,46.47,75.43,46,81,4.94
418,Pemba,MZ,2020-03-31 22:00:18,-12.97,40.52,79.0,81,20,16.84
419,Tonota,BW,2020-03-31 22:00:18,-21.48,27.48,72.14,26,85,5.91
420,Ichinoseki,JP,2020-03-31 22:00:19,38.92,141.13,49.42,88,99,5.37
421,Hengyang,CN,2020-03-31 22:00:19,26.89,112.61,48.11,80,0,1.97
422,Vila Franca Do Campo,PT,2020-03-31 22:00:19,37.72,-25.43,53.6,62,20,9.17
423,Nishihara,JP,2020-03-31 22:00:19,26.18,127.76,73.4,100,75,11.41
424,Homer,US,2020-03-31 21:59:28,59.64,-151.55,35.6,40,1,3.36
425,Lagoa,PT,2020-03-31 21:51:17,39.05,-27.98,57.34,68,100,27.65
426,Seddon,AU,2020-03-31 21:51:25,-37.81,144.89,55.99,93,0,5.82
427,Verkhnyaya Inta,RU,2020-03-31 22:00:19,65.98,60.31,9.61,91,2,6.46
428,Saint-Pierre,RE,2020-03-31 22:00:20,-21.34,55.48,77.0,83,75,9.17
429,Kasongo-Lunda,CD,2020-03-31 22:00:20,-6.47,16.82,72.59,75,30,1.12
430,Waipawa,NZ,2020-03-31 22:00:20,-41.41,175.52,60.01,87,0,5.82
431,Sri Aman,MY,2020-03-31 22:00:20,1.24,111.46,77.0,100,99,0.72
432,Mwene-Ditu,CD,2020-03-31 22:00:21,-7.0,23.45,68.85,73,100,2.26
433,Brigantine,US,2020-03-31 22:00:21,39.41,-74.36,46.0,75,90,5.82
434,San Luis,AR,2020-03-31 22:00:21,-33.3,-66.34,70.97,62,93,5.1
435,Bonfim,BR,2020-03-31 22:00:21,3.08,-59.95,92.61,41,98,5.39
436,Lichtervelde,BE,2020-03-31 22:00:22,51.03,3.15,42.01,80,0,11.41
437,Ketchikan,US,2020-03-31 22:00:22,55.34,-131.65,42.8,38,20,11.41
438,Sao Felix Do Xingu,BR,2020-03-31 22:00:22,-6.64,-51.99,79.38,85,99,1.41
439,Boyolangu,ID,2020-03-31 22:00:22,-8.12,111.89,76.96,82,100,1.19
440,Xiongzhou,CN,2020-03-31 22:00:22,25.12,114.3,48.18,82,7,3.02
441,Kochevo,RU,2020-03-31 22:00:22,59.6,54.31,24.49,97,100,7.4
442,Chachapoyas,PE,2020-03-31 22:00:23,-6.23,-77.87,62.85,46,89,2.48
443,Dzhankoy,UA,2020-03-31 22:00:23,45.72,34.4,42.04,63,86,12.91
444,Alakurtti,RU,2020-03-31 22:00:23,66.97,30.35,21.99,92,100,3.09
445,Dunmore Town,BS,2020-03-31 22:00:23,25.5,-76.65,76.8,75,7,10.94
446,Garmsar,IR,2020-03-31 22:00:23,35.22,52.34,54.57,37,0,7.45
447,Puerto Madryn,AR,2020-03-31 21:58:46,-42.77,-65.04,69.57,32,46,22.3
448,Jaru,BR,2020-03-31 22:00:24,-10.44,-62.47,83.91,84,60,0.78
449,Nuuk,GL,2020-03-31 21:56:00,64.18,-51.72,15.8,66,75,5.82
450,Mwanza,TZ,2020-03-31 22:00:24,-2.52,32.9,73.4,88,40,3.15
451,Vertientes,CU,2020-03-31 22:00:24,21.26,-78.15,86.18,51,8,14.9
452,Dudinka,RU,2020-03-31 22:00:24,69.41,86.18,10.4,92,75,20.13
453,La Asuncion,VE,2020-03-31 21:50:36,11.03,-63.86,86.0,55,68,20.8
454,Abrau-Dyurso,RU,2020-03-31 22:00:25,44.69,37.59,42.8,75,75,11.18
455,General Roca,AR,2020-03-31 21:57:45,-39.03,-67.58,66.2,63,96,4.7
456,Moerai,PF,2020-03-31 22:00:25,-22.43,-151.33,78.64,78,9,12.46
457,Prince Rupert,CA,2020-03-31 21:50:58,54.32,-130.32,42.8,45,1,6.93
458,Nanortalik,GL,2020-03-31 22:00:25,60.14,-45.24,33.19,89,32,15.05
459,Muisne,EC,2020-03-31 22:00:25,0.6,-80.03,82.4,83,75,6.93
460,Luganville,VU,2020-03-31 21:57:10,-15.53,167.17,78.8,86,100,13.13
461,Yakeshi,CN,2020-03-31 22:00:26,49.28,120.73,21.99,86,0,11.65
462,Kota Tinggi,MY,2020-03-31 22:00:26,1.74,103.9,78.8,94,20,2.46
463,Tuatapere,NZ,2020-03-31 22:00:26,-46.13,167.68,53.01,98,51,3.13
464,Gafanha Da Encarnacao,PT,2020-03-31 22:00:26,40.62,-8.73,48.0,93,75,5.82
465,Moose Jaw,CA,2020-03-31 22:00:26,50.4,-105.53,26.6,92,90,19.46
466,Astana,KZ,2020-03-31 21:46:30,51.18,71.45,24.8,79,0,8.95
467,Tamworth,GB,2020-03-31 21:56:56,52.63,-1.7,42.8,76,20,3.36
468,Barra Patuca,HN,2020-03-31 22:00:27,15.8,-84.28,82.26,75,12,13.18
469,Netivot,IL,2020-03-31 22:00:27,31.42,34.59,62.01,76,5,3.89
470,Labuan,MY,2020-03-31 21:51:18,5.28,115.24,80.6,94,75,3.47
471,Ithaca,US,2020-03-31 22:00:27,42.44,-76.5,50.0,87,75,6.93
472,Warrington,GB,2020-03-31 22:00:28,53.39,-2.58,46.0,81,75,6.93
473,Chicama,PE,2020-03-31 22:00:28,-7.84,-79.15,78.64,60,92,8.57
474,Rocha,UY,2020-03-31 22:00:28,-34.48,-54.33,67.82,73,94,12.24
475,Bonthe,SL,2020-03-31 22:00:28,7.53,-12.51,81.32,79,61,7.85
476,Floro,NO,2020-03-31 22:00:29,61.6,5.03,42.8,93,75,4.7
477,Sagua De Tanamo,CU,2020-03-31 22:00:29,20.58,-75.24,88.74,43,32,3.44
478,Pawai,IN,2020-03-31 22:00:29,24.27,80.17,78.98,21,0,4.41
479,Hovd,MN,2020-03-31 21:50:48,48.01,91.64,19.06,62,0,4.45
480,Ponta Delgada,PT,2020-03-31 22:00:29,37.73,-25.67,53.6,62,20,9.17
481,Mkushi,ZM,2020-03-31 22:00:30,-13.62,29.39,64.0,55,0,4.34
482,El Cerrito,CO,2020-03-31 22:00:30,3.69,-76.31,82.4,61,75,14.99
483,Yarada,IN,2020-03-31 22:00:30,17.65,83.27,81.46,75,0,8.75
484,Verkhovye,RU,2020-03-31 22:00:30,52.81,37.24,26.71,85,33,12.01
485,Waddan,LY,2020-03-31 22:00:30,29.16,16.14,63.34,31,0,5.75
486,Nizhnevartovsk,RU,2020-03-31 21:59:46,60.93,76.55,32.0,96,100,6.71
487,Natal,BR,2020-03-31 21:57:25,-5.79,-35.21,80.6,88,40,6.93
488,New Castle,US,2020-03-31 22:00:21,41.0,-80.35,46.99,70,90,4.7
489,Caravelas,BR,2020-03-31 21:51:03,-17.71,-39.25,79.43,84,77,9.01
490,San Jeronimo,PE,2020-03-31 22:00:31,-11.95,-75.28,54.1,27,87,7.25
491,Sioux Lookout,CA,2020-03-31 21:56:45,50.1,-91.92,51.8,20,20,2.24
492,Hambantota,LK,2020-03-31 22:00:31,6.12,81.12,75.2,100,20,3.36
493,Samarai,PG,2020-03-31 21:50:57,-10.62,150.67,79.43,83,99,6.04
494,Dauphin,CA,2020-03-31 21:58:42,51.15,-100.05,55.4,54,75,14.99
495,Aleksandrov Gay,RU,2020-03-31 22:00:31,50.15,48.57,55.04,59,100,5.59
496,Lompoc,US,2020-03-31 22:00:32,34.64,-120.46,82.0,41,77,12.75
497,Amurzet,RU,2020-03-31 22:00:32,47.7,131.1,30.76,89,0,6.15
498,Guerrero Negro,MX,2020-03-31 22:00:32,27.98,-114.06,79.32,21,100,6.44
499,Grand-Bourg,GP,2020-03-31 22:00:32,15.88,-61.31,80.6,65,20,4.7
500,Stavern,NO,2020-03-31 22:00:32,59.0,10.03,43.0,52,2,5.82
501,Fujin,CN,2020-03-31 22:00:33,47.26,132.03,31.41,88,0,7.0
502,Trojes,AL,2020-03-31 22:00:33,41.76,19.96,51.8,62,75,4.7
503,Marsa Matruh,EG,2020-03-31 22:00:33,31.35,27.25,59.0,77,0,11.41
504,Coahuayana,MX,2020-03-31 22:00:33,18.73,-103.68,86.0,42,5,11.41
505,Esmeralda,CU,2020-03-31 22:00:33,21.85,-78.12,89.19,42,7,6.15
506,Lagunas,PE,2020-03-31 21:51:31,-5.23,-75.68,82.27,74,96,4.72
507,Isla Vista,US,2020-03-31 22:00:33,34.41,-119.86,82.0,59,1,9.17
508,Krasnoselkup,RU,2020-03-31 21:56:51,65.7,82.47,6.93,94,18,9.42
509,Geraldton,AU,2020-03-31 22:00:34,-28.77,114.6,62.6,77,65,8.05
510,Namanga,KE,2020-03-31 22:00:34,-2.54,36.79,68.7,58,59,6.02
511,Barraute,CA,2020-03-31 21:56:17,48.43,-77.63,44.6,28,20,9.17
512,Okhotsk,RU,2020-03-31 22:00:34,59.38,143.3,15.26,93,69,2.95
513,Conde,BR,2020-03-31 22:00:34,-7.26,-34.91,80.6,83,20,6.93
514,Karwar,IN,2020-03-31 22:00:34,14.8,74.13,76.82,75,0,3.33
515,Maldonado,UY,2020-03-31 22:00:34,-34.67,-54.92,68.0,82,75,13.87
516,Kichera,RU,2020-03-31 22:00:35,55.94,110.1,30.02,81,100,8.28
517,Laguna,US,2020-03-31 22:00:35,38.42,-121.42,73.99,56,20,8.05
518,Orlik,RU,2020-03-31 22:00:35,52.52,99.83,13.03,74,37,3.53
519,Hirara,JP,2020-03-31 22:00:35,24.8,125.28,73.4,94,75,5.82
520,Vievis,LT,2020-03-31 22:00:35,54.77,24.8,30.2,54,65,10.29
521,Alofi,NU,2020-03-31 21:50:40,-19.06,-169.92,86.0,84,75,5.82
522,Deputatskiy,RU,2020-03-31 21:58:37,69.3,139.9,-10.3,82,4,1.9
523,Aksha,RU,2020-03-31 22:00:36,50.28,113.29,28.67,63,45,7.38
524,Marand,IR,2020-03-31 22:00:36,38.43,45.77,42.8,60,20,4.7
525,Alice Springs,AU,2020-03-31 22:00:36,-23.7,133.88,68.0,88,40,11.41
526,Verkhniy Tagil,RU,2020-03-31 22:00:36,57.37,59.96,35.28,80,100,4.72
527,Masty,BY,2020-03-31 22:00:36,53.41,24.54,29.41,91,19,7.23
528,Kimparana,ML,2020-03-31 22:00:37,12.83,-4.92,95.63,12,34,6.31
529,Mandali,IQ,2020-03-31 22:00:37,33.75,45.55,68.72,36,87,10.4
530,Nenjiang,CN,2020-03-31 21:51:05,49.18,125.22,32.52,74,21,10.65
531,Jalu,LY,2020-03-31 22:00:37,29.03,21.55,60.84,55,0,11.92
532,Taveta,KE,2020-03-31 22:00:37,-3.4,37.67,71.6,94,75,7.31
533,Kitaibaraki,JP,2020-03-31 22:00:37,36.78,140.75,54.0,100,75,3.36
534,Bhag,PK,2020-03-31 22:00:38,29.04,67.82,78.08,35,0,2.28
535,Sambava,MG,2020-03-31 22:00:38,-14.27,50.17,78.15,87,95,3.13
536,Kaeo,NZ,2020-03-31 22:00:38,-35.1,173.78,64.0,85,98,4.99
537,Soyo,AO,2020-03-31 22:00:38,-6.13,12.37,81.14,85,61,6.76
538,Katherine,AU,2020-03-31 22:00:38,-14.47,132.27,73.4,83,0,2.75
539,Leirvik,NO,2020-03-31 22:00:38,59.78,5.5,42.8,87,92,11.41
540,Chapais,CA,2020-03-31 21:51:33,49.78,-74.85,46.4,31,1,16.11
541,Poum,NC,2020-03-31 22:00:39,-20.23,164.02,77.58,77,39,15.99
542,Osorno,CL,2020-03-31 22:00:39,-40.57,-73.15,62.6,63,75,8.05
543,Nemuro,JP,2020-03-31 22:00:39,43.32,145.57,38.95,85,100,21.27
544,Nantucket,US,2020-03-31 22:00:39,41.28,-70.1,39.2,64,90,18.34
545,Goderich,CA,2020-03-31 22:00:40,43.75,-81.72,48.99,97,99,11.01
546,Monopoli,IT,2020-03-31 22:00:40,40.96,17.29,50.0,87,100,9.17
547,Muros,ES,2020-03-31 21:58:16,42.78,-9.06,51.01,93,20,5.82
548,Chiang Mai,TH,2020-03-31 22:00:40,18.79,98.98,73.4,53,6,2.24
549,Belluru,IN,2020-03-31 22:00:40,12.99,76.74,72.99,37,0,5.66
550,Colquiri,BO,2020-03-31 22:00:40,-17.42,-67.13,48.79,22,97,9.73
551,Sebring,US,2020-03-31 22:00:40,27.5,-81.44,87.8,48,75,23.04
552,Hasaki,JP,2020-03-31 22:00:41,35.73,140.83,52.0,93,75,4.7
