City,Country,Date,Lat,Lng,Max Temp,Humidity,Cloudiness,Wind Speed,Current Description,Rain inches (last 3 hrs),Snow inches (last 3 hrs)
Ambanja,MG,2020-04-03 17:08:01,-13.68,48.45,79.16,76,40,0.87,light rain,0.06614173228346457,0.0
Qingquan,CN,2020-04-03 17:08:02,30.45,115.26,56.77,77,94,2.53,overcast clouds,0.0,0.0
Mataura,NZ,2020-04-03 17:08:02,-46.19,168.86,46.99,96,99,2.3,overcast clouds,0.0,0.0
Mindelo,CV,2020-04-03 17:08:02,16.89,-24.98,82.4,51,20,21.92,few clouds,0.0,0.0
Conceicao Do Araguaia,BR,2020-04-03 17:08:02,-8.26,-49.26,91.4,59,75,3.36,broken clouds,0.0,0.0
Ushuaia,AR,2020-04-03 17:04:59,-54.8,-68.3,47.97,51,43,8.25,light rain,0.004330708661417323,0.0
Ulaanbaatar,MN,2020-04-03 17:08:03,47.91,106.88,23.0,57,0,2.24,clear sky,0.0,0.0
Enkoping,SE,2020-04-03 17:08:03,59.64,17.08,42.8,26,63,17.22,broken clouds,0.0,0.0
Hermanus,ZA,2020-04-03 17:08:03,-34.42,19.23,73.0,83,64,6.76,broken clouds,0.0,0.0
Constitucion,CL,2020-04-03 17:08:03,-35.33,-72.42,70.36,38,24,12.68,few clouds,0.0,0.0
Georgetown,MY,2020-04-03 17:08:03,5.41,100.34,82.4,88,20,2.24,few clouds,0.0,0.0
Ardakan,IR,2020-04-03 17:08:04,32.31,54.02,73.4,18,48,13.87,scattered clouds,0.0,0.0
Mount Gambier,AU,2020-04-03 17:08:04,-37.83,140.77,53.6,93,40,12.75,scattered clouds,0.0,0.0
Novi Sanzhary,UA,2020-04-03 17:08:04,49.34,34.31,46.02,52,0,7.87,clear sky,0.0,0.0
Hobart,AU,2020-04-03 17:05:23,-42.88,147.33,59.0,82,90,4.7,moderate rain,0.0,0.0
Tasiilaq,GL,2020-04-03 17:08:04,65.61,-37.64,24.8,53,75,17.22,broken clouds,0.0,0.0
Jamestown,US,2020-04-03 17:06:34,42.1,-79.24,46.0,60,75,14.99,broken clouds,0.0,0.0
Alofi,NU,2020-04-03 17:08:05,-19.06,-169.92,77.0,94,100,2.24,moderate rain,0.13543307086614173,0.0
Nanortalik,GL,2020-04-03 17:08:05,60.14,-45.24,29.73,81,0,4.45,clear sky,0.0,0.0
Cherskiy,RU,2020-04-03 17:08:05,68.75,161.3,-5.71,92,98,5.39,overcast clouds,0.0,0.0
Barahona,DO,2020-04-03 17:08:05,18.21,-71.1,84.2,58,40,9.17,scattered clouds,0.0,0.0
Klyuchi,RU,2020-04-03 17:08:06,52.27,79.17,33.48,89,63,7.72,broken clouds,0.0,0.0
Amahai,ID,2020-04-03 17:08:06,-3.33,128.92,79.99,80,41,5.88,light rain,0.004724409448818898,0.0
New Norfolk,AU,2020-04-03 17:08:06,-42.78,147.06,59.0,82,90,4.7,overcast clouds,0.0,0.0
Misratah,LY,2020-04-03 17:08:06,32.38,15.09,63.52,81,2,17.52,clear sky,0.0,0.0
Rikitea,PF,2020-04-03 17:08:06,-23.12,-134.97,77.38,76,16,13.33,light rain,0.007086614173228346,0.0
Kizhinga,RU,2020-04-03 17:08:06,51.85,109.91,33.69,64,20,1.81,few clouds,0.0,0.0
Yellowknife,CA,2020-04-03 17:08:07,62.46,-114.35,-0.4,77,90,18.34,light snow,0.0,0.0
Tiksi,RU,2020-04-03 17:08:07,71.69,128.87,-0.36,84,1,12.59,clear sky,0.0,0.0
Sitka,US,2020-04-03 17:08:07,57.05,-135.33,32.0,93,90,3.36,overcast clouds,0.0,0.0
Fortuna,US,2020-04-03 17:08:07,40.6,-124.16,51.01,81,1,6.89,clear sky,0.0,0.0
Inhambane,MZ,2020-04-03 17:08:07,-23.86,35.38,75.2,83,75,12.75,drizzle,0.0,0.0
Saint-Augustin,CA,2020-04-03 17:08:07,51.23,-58.65,33.28,88,41,13.8,scattered clouds,0.0,0.0
Faanui,PF,2020-04-03 17:08:08,-16.48,-151.75,82.8,75,23,10.87,light rain,0.00826771653543307,0.0
Kristianstad,SE,2020-04-03 17:08:08,56.03,14.15,44.01,52,37,21.92,scattered clouds,0.0,0.0
San Policarpo,PH,2020-04-03 17:08:08,12.18,125.51,79.88,83,5,13.18,light rain,0.013779527559055118,0.0
Miri,MY,2020-04-03 17:08:08,4.41,114.01,80.6,94,75,8.05,broken clouds,0.0,0.0
Yuli,NG,2020-04-03 17:08:08,9.7,10.27,97.0,28,39,7.87,scattered clouds,0.0,0.0
Arraial Do Cabo,BR,2020-04-03 17:08:09,-22.97,-42.03,86.0,66,33,16.11,scattered clouds,0.0,0.0
Carnarvon,AU,2020-04-03 17:08:09,-24.87,113.63,73.4,78,100,14.99,overcast clouds,0.0,0.0
Albany,US,2020-04-03 17:08:03,42.6,-73.97,48.99,81,90,10.29,light rain,0.0,0.0
Christchurch,NZ,2020-04-03 17:08:09,-43.53,172.63,55.4,87,73,11.41,broken clouds,0.0,0.0
Ribas Do Rio Pardo,BR,2020-04-03 17:08:09,-20.44,-53.76,80.1,64,83,8.95,broken clouds,0.0,0.0
Bengkulu,ID,2020-04-03 17:08:09,-3.8,102.27,78.93,80,73,3.8,light rain,0.03346456692913386,0.0
Russell,US,2020-04-03 17:08:10,32.35,-85.2,75.0,37,1,3.4,clear sky,0.0,0.0
Hithadhoo,MV,2020-04-03 17:08:10,-0.6,73.08,83.75,76,11,9.35,light rain,0.014173228346456693,0.0
Sorland,NO,2020-04-03 17:08:10,67.67,12.69,30.2,92,75,34.45,shower rain,0.0,0.0
Saint-Philippe,RE,2020-04-03 17:08:10,-21.36,55.77,78.8,83,75,6.93,broken clouds,0.0,0.0
Padang,ID,2020-04-03 17:08:10,-0.95,100.35,80.06,77,96,2.37,light rain,0.08070866141732283,0.0
Atuona,PF,2020-04-03 17:08:10,-9.8,-139.03,81.86,80,57,19.08,moderate rain,0.15551181102362208,0.0
Hilo,US,2020-04-03 17:08:11,19.73,-155.09,66.99,68,1,4.7,clear sky,0.0,0.0
Butaritari,KI,2020-04-03 17:08:11,3.07,172.79,82.89,77,36,9.15,scattered clouds,0.0,0.0
Grand Gaube,MU,2020-04-03 17:08:11,-20.01,57.66,75.2,94,40,3.36,scattered clouds,0.0,0.0
Bambous Virieux,MU,2020-04-03 17:07:24,-20.34,57.76,75.2,94,40,3.36,scattered clouds,0.0,0.0
Port Victoria,KE,2020-04-03 17:08:12,0.09,33.98,75.74,55,100,9.26,overcast clouds,0.0,0.0
Suntar,RU,2020-04-03 17:08:12,62.14,117.63,19.08,91,93,9.82,overcast clouds,0.0,0.0
Oistins,BB,2020-04-03 17:05:00,13.07,-59.53,80.17,72,98,13.09,overcast clouds,0.0,0.0
Esperance,AU,2020-04-03 17:08:12,-33.87,121.9,57.2,62,90,4.7,overcast clouds,0.0,0.0
Ribeira Grande,PT,2020-04-03 17:08:12,38.52,-28.7,60.8,87,75,26.4,light intensity shower rain,0.0,0.0
Bluff,NZ,2020-04-03 17:08:12,-46.6,168.33,46.99,96,96,2.55,overcast clouds,0.0,0.0
Togur,RU,2020-04-03 17:08:13,58.36,82.83,29.48,97,62,6.8,broken clouds,0.0,0.0
Punta Arenas,CL,2020-04-03 17:08:13,-53.15,-70.92,51.01,53,75,18.34,broken clouds,0.0,0.0
Mildura,AU,2020-04-03 17:08:13,-34.2,142.15,57.2,93,40,10.29,scattered clouds,0.0,0.0
Dikson,RU,2020-04-03 17:08:13,73.51,80.55,7.23,94,100,22.44,light snow,0.0,0.007874015748031498
Tisovec,SK,2020-04-03 17:08:13,48.68,19.94,53.6,31,20,12.75,few clouds,0.0,0.0
Billings,US,2020-04-03 17:07:04,45.78,-108.5,30.0,58,20,12.75,few clouds,0.0,0.0
San Cristobal,VE,2020-04-03 17:08:14,7.77,-72.22,84.2,66,40,9.17,smoke,0.0,0.0
Vaini,TO,2020-04-03 17:08:14,-21.2,-175.2,75.2,83,75,8.05,broken clouds,0.0,0.0
Beringovskiy,RU,2020-04-03 17:08:14,63.05,179.32,11.26,95,100,16.82,overcast clouds,0.0,0.0
Timizart,DZ,2020-04-03 17:08:14,36.8,4.27,53.28,77,64,12.57,light rain,0.04055118110236221,0.0
Anadyr,RU,2020-04-03 17:06:56,64.75,177.48,-5.01,83,91,6.71,overcast clouds,0.0,0.0
Hamilton,US,2020-04-03 17:07:44,39.18,-84.53,64.99,42,20,3.58,few clouds,0.0,0.0
Vila,PT,2020-04-03 17:08:15,42.03,-8.16,68.0,55,20,10.29,few clouds,0.0,0.0
Kangaatsiaq,GL,2020-04-03 17:08:15,68.31,-53.46,9.03,91,93,7.96,light snow,0.0,0.004330708661417323
Laguna,US,2020-04-03 17:08:15,38.42,-121.42,57.99,76,1,4.7,clear sky,0.0,0.0
Patti,IN,2020-04-03 17:08:15,31.28,74.86,73.4,77,8,3.51,mist,0.0,0.0
Puerto Ayora,EC,2020-04-03 17:08:15,-0.74,-90.35,82.99,78,20,9.17,few clouds,0.0,0.0
Trairi,BR,2020-04-03 17:08:15,-3.28,-39.27,84.88,76,85,10.29,moderate rain,0.14803149606299212,0.0
Bredasdorp,ZA,2020-04-03 17:08:16,-34.53,20.04,71.6,56,77,5.82,broken clouds,0.0,0.0
Avarua,CK,2020-04-03 17:08:16,-21.21,-159.78,77.0,88,75,5.82,broken clouds,0.0,0.0
Ponta Do Sol,PT,2020-04-03 17:08:16,32.67,-17.1,64.4,88,75,24.16,broken clouds,0.0,0.0
Harper,LR,2020-04-03 17:08:16,4.38,-7.72,83.43,80,65,7.45,moderate rain,0.1811023622047244,0.0
Port-Gentil,GA,2020-04-03 17:08:16,-0.72,8.78,86.0,84,75,14.99,light rain,0.0,0.0
Shahpura,IN,2020-04-03 17:08:17,27.38,75.97,82.4,14,0,4.7,haze,0.0,0.0
Kayerkan,RU,2020-04-03 17:08:17,69.35,87.76,10.4,85,40,33.55,light snow,0.0,0.0
Iqaluit,CA,2020-04-03 17:08:17,63.75,-68.51,-2.0,58,5,23.04,clear sky,0.0,0.0
Kaitangata,NZ,2020-04-03 17:08:17,-46.28,169.85,54.0,85,98,1.01,overcast clouds,0.0,0.0
Esna,EG,2020-04-03 17:08:18,25.29,32.55,86.0,23,31,4.7,scattered clouds,0.0,0.0
Port Elizabeth,ZA,2020-04-03 17:03:47,-33.92,25.57,71.6,64,0,11.41,clear sky,0.0,0.0
Mahebourg,MU,2020-04-03 17:08:18,-20.41,57.7,75.2,94,40,3.36,scattered clouds,0.0,0.0
Sokoto,NG,2020-04-03 17:08:19,13.06,5.24,96.78,11,38,1.99,scattered clouds,0.0,0.0
Waipawa,NZ,2020-04-03 17:08:19,-41.41,175.52,55.4,93,42,9.17,light rain,0.015748031496062995,0.0
Cape Town,ZA,2020-04-03 17:04:56,-33.93,18.42,75.0,60,54,9.17,broken clouds,0.0,0.0
Changping,CN,2020-04-03 17:08:19,40.22,116.22,66.0,13,0,15.66,clear sky,0.0,0.0
Port Alfred,ZA,2020-04-03 17:08:19,-33.59,26.89,73.53,75,10,14.94,clear sky,0.0,0.0
East London,ZA,2020-04-03 17:03:20,-33.02,27.91,74.35,73,55,18.75,broken clouds,0.0,0.0
Kununurra,AU,2020-04-03 17:07:21,-15.77,128.73,84.2,79,27,4.7,scattered clouds,0.0,0.0
Concepcion,CL,2020-04-03 17:07:50,-36.83,-73.05,66.2,52,100,10.29,overcast clouds,0.0,0.0
Madoc,CA,2020-04-03 17:08:20,44.51,-77.47,48.0,81,90,12.75,light rain,0.0,0.0
Marawi,PH,2020-04-03 17:08:20,8.0,124.29,67.93,73,27,3.09,light rain,0.01141732283464567,0.0
Wajima,JP,2020-04-03 17:08:21,37.4,136.9,52.14,61,0,15.01,clear sky,0.0,0.0
Minab,IR,2020-04-03 17:08:21,27.15,57.08,78.8,74,75,2.24,broken clouds,0.0,0.0
Grants,US,2020-04-03 17:08:21,35.15,-107.85,51.8,34,1,5.82,clear sky,0.0,0.0
Port Hedland,AU,2020-04-03 17:08:21,-20.32,118.57,77.0,73,5,5.08,clear sky,0.0,0.0
Katsuura,JP,2020-04-03 17:08:22,35.13,140.3,57.0,82,75,5.82,broken clouds,0.0,0.0
Chimore,BO,2020-04-03 17:08:22,-16.98,-65.13,79.68,72,95,1.63,light rain,0.040944881889763786,0.0
Chokurdakh,RU,2020-04-03 17:08:22,70.63,147.92,-17.54,89,86,4.54,overcast clouds,0.0,0.0
Wagar,SD,2020-04-03 17:08:22,16.15,36.2,79.45,28,24,21.88,few clouds,0.0,0.0
Benghazi,LY,2020-04-03 17:08:22,32.12,20.07,79.23,25,5,20.58,clear sky,0.0,0.0
Thompson,CA,2020-04-03 17:08:22,55.74,-97.86,26.6,92,90,6.93,light snow,0.0,0.0
Nhulunbuy,AU,2020-04-03 17:08:22,-12.23,136.77,81.77,71,58,6.64,broken clouds,0.0,0.0
Kurayoshi,JP,2020-04-03 17:08:23,35.43,133.82,42.8,93,20,4.7,few clouds,0.0,0.0
Castro,BR,2020-04-03 17:07:54,-24.79,-50.01,70.92,26,0,6.51,clear sky,0.0,0.0
Ostrovnoy,RU,2020-04-03 17:08:23,68.05,39.51,31.03,95,80,17.83,light snow,0.0,0.008661417322834646
Haines Junction,CA,2020-04-03 17:08:23,60.75,-137.51,20.8,85,100,0.67,light snow,0.0,0.013385826771653545
Nokaneng,BW,2020-04-03 17:08:23,-19.67,22.27,68.76,53,90,5.37,overcast clouds,0.0,0.0
Saskylakh,RU,2020-04-03 17:08:23,71.92,114.08,26.24,97,100,19.17,light snow,0.0,0.030708661417322838
Xinyang,CN,2020-04-03 17:05:07,32.12,114.07,53.47,56,98,1.61,overcast clouds,0.0,0.0
Mount Isa,AU,2020-04-03 17:08:24,-20.73,139.5,80.6,61,75,5.82,broken clouds,0.0,0.0
Uyemskiy,RU,2020-04-03 17:08:24,64.47,40.85,37.4,74,40,4.47,scattered clouds,0.0,0.0
Kupang,ID,2020-04-03 17:08:24,-10.17,123.58,81.66,75,1,6.76,clear sky,0.0,0.0
San Carlos De Bariloche,AR,2020-04-03 17:04:26,-41.15,-71.31,62.6,36,20,18.34,few clouds,0.0,0.0
Batagay-Alyta,RU,2020-04-03 17:08:24,67.8,130.41,-9.09,78,0,4.36,clear sky,0.0,0.0
Caraballeda,VE,2020-04-03 17:08:24,10.61,-66.85,81.0,58,88,3.06,light rain,0.04133858267716536,0.0
Malmyzh,RU,2020-04-03 17:08:24,56.52,50.68,38.39,73,31,9.69,scattered clouds,0.0,0.0
Campoverde,PE,2020-04-03 17:08:25,-8.48,-74.81,98.56,40,50,1.41,scattered clouds,0.0,0.0
Northam,GB,2020-04-03 17:08:25,51.03,-4.22,55.4,71,20,6.98,few clouds,0.0,0.0
Bonthe,SL,2020-04-03 17:08:25,7.53,-12.51,84.67,72,61,13.4,broken clouds,0.0,0.0
Nexo,DK,2020-04-03 17:08:25,55.06,15.13,44.6,65,13,18.34,few clouds,0.0,0.0
Busselton,AU,2020-04-03 17:08:25,-33.65,115.33,55.0,40,44,11.99,scattered clouds,0.0,0.0
Wad Rawah,SD,2020-04-03 17:08:25,15.16,33.14,89.17,10,32,12.3,scattered clouds,0.0,0.0
Gulabpura,IN,2020-04-03 17:06:07,25.9,74.67,77.72,14,0,6.87,clear sky,0.0,0.0
Barrow,US,2020-04-03 17:08:26,71.29,-156.79,8.6,78,90,8.05,overcast clouds,0.0,0.0
Juneau,US,2020-04-03 17:06:46,58.3,-134.42,32.0,46,90,9.17,overcast clouds,0.0,0.0
Airai,TL,2020-04-03 17:08:26,-8.93,125.41,60.66,70,60,1.16,broken clouds,0.0,0.0
Verkhnevilyuysk,RU,2020-04-03 17:08:26,63.45,120.32,17.06,93,98,8.21,overcast clouds,0.0,0.0
Dunedin,NZ,2020-04-03 17:05:16,-45.87,170.5,55.99,86,100,1.01,overcast clouds,0.0,0.0
Liverpool,GB,2020-04-03 17:08:26,53.41,-2.98,53.6,58,20,9.17,few clouds,0.0,0.0
Hun,LY,2020-04-03 17:08:27,29.13,15.95,87.21,10,14,11.21,few clouds,0.0,0.0
Gamba,GA,2020-04-03 17:08:27,-2.65,10.0,81.14,84,87,9.35,overcast clouds,0.0,0.0
Soma,TR,2020-04-03 17:08:27,39.19,27.61,53.6,66,40,1.12,scattered clouds,0.0,0.0
Rawson,AR,2020-04-03 17:08:27,-43.3,-65.1,76.71,21,31,5.64,scattered clouds,0.0,0.0
Mandalgovi,MN,2020-04-03 17:08:27,45.76,106.27,39.7,30,0,3.36,clear sky,0.0,0.0
Chifeng,CN,2020-04-03 17:08:28,42.27,118.96,33.4,50,0,15.66,clear sky,0.0,0.0
Campina Verde,BR,2020-04-03 17:08:28,-19.54,-49.49,80.83,69,49,9.37,moderate rain,0.12086614173228347,0.0
Gornopravdinsk,RU,2020-04-03 17:08:28,60.05,69.9,31.26,96,28,7.92,scattered clouds,0.0,0.0
Kapaa,US,2020-04-03 17:06:23,22.08,-159.32,71.6,94,90,5.79,light rain,0.0,0.0
College,US,2020-04-03 17:08:28,64.86,-147.8,30.0,86,90,2.42,light snow,0.0,0.0
Puerto Carreno,CO,2020-04-03 17:08:28,6.19,-67.49,89.6,59,40,9.17,scattered clouds,0.0,0.0
Thinadhoo,MV,2020-04-03 17:08:29,0.53,72.93,83.41,77,3,14.23,light rain,0.004330708661417323,0.0
Noumea,NC,2020-04-03 17:08:29,-22.28,166.46,73.4,88,100,8.05,light rain,0.006299212598425198,0.0
Vossevangen,NO,2020-04-03 17:08:29,60.62,6.42,33.01,90,100,5.88,light snow,0.0,0.019291338582677165
Bangkalan,ID,2020-04-03 17:08:29,-7.05,112.74,77.95,87,100,2.57,light rain,0.03622047244094489,0.0
Ayolas,PY,2020-04-03 17:08:29,-27.4,-56.9,76.32,32,0,7.45,clear sky,0.0,0.0
Ukiah,US,2020-04-03 17:08:29,39.15,-123.21,54.0,52,1,10.29,clear sky,0.0,0.0
Portsmouth,GB,2020-04-03 17:08:30,50.8,-1.09,55.99,50,71,6.93,broken clouds,0.0,0.0
La Ronge,CA,2020-04-03 17:08:30,55.1,-105.28,3.2,71,20,4.7,few clouds,0.0,0.0
Chuy,UY,2020-04-03 17:08:30,-33.7,-53.46,69.87,57,8,14.0,clear sky,0.0,0.0
Tuktoyaktuk,CA,2020-04-03 17:08:30,69.45,-133.04,-5.8,63,20,14.99,few clouds,0.0,0.0
Kenai,US,2020-04-03 17:08:30,60.55,-151.26,30.99,92,90,2.95,mist,0.0,0.0
Sao Filipe,CV,2020-04-03 17:08:30,14.9,-24.5,76.39,67,32,15.52,scattered clouds,0.0,0.0
Srednekolymsk,RU,2020-04-03 17:08:30,67.45,153.68,-14.66,89,71,5.12,broken clouds,0.0,0.0
Te Anau,NZ,2020-04-03 17:08:31,-45.42,167.72,50.4,76,98,1.36,overcast clouds,0.0,0.0
Abong Mbang,CM,2020-04-03 17:08:31,3.98,13.18,75.31,69,68,3.11,light rain,0.08503937007874017,0.0
Codrington,AU,2020-04-03 17:08:31,-38.27,141.97,56.05,78,98,20.96,light rain,0.05905511811023623,0.0
Kitui,KE,2020-04-03 17:08:31,-1.37,38.01,68.22,66,96,2.26,light rain,0.00984251968503937,0.0
Dingle,PH,2020-04-03 17:08:31,11.0,122.67,78.26,82,0,10.18,clear sky,0.0,0.0
Ponta Delgada,PT,2020-04-03 17:08:31,37.73,-25.67,62.6,82,20,8.05,few clouds,0.0,0.0
Severo-Kurilsk,RU,2020-04-03 17:08:32,50.68,156.12,30.25,94,85,14.54,overcast clouds,0.0,0.0
Olafsvik,IS,2020-04-03 17:08:32,64.89,-23.71,27.32,91,100,33.51,overcast clouds,0.0,0.0
Ambilobe,MG,2020-04-03 17:08:32,-13.2,49.05,77.0,86,25,1.7,light rain,0.017716535433070866,0.0
Swan Hill,AU,2020-04-03 17:08:32,-35.34,143.55,56.82,70,93,17.92,light rain,0.004330708661417323,0.0
Salalah,OM,2020-04-03 17:08:32,17.02,54.09,80.6,78,20,8.05,few clouds,0.0,0.0
Sistranda,NO,2020-04-03 17:08:32,63.73,8.83,33.01,92,75,20.8,light shower snow,0.0,0.0
Norman Wells,CA,2020-04-03 17:08:33,65.28,-126.83,-0.4,64,20,10.29,few clouds,0.0,0.0
Augusto Correa,BR,2020-04-03 17:08:33,-1.02,-46.63,84.96,74,100,6.2,light rain,0.07677165354330709,0.0
Waddan,LY,2020-04-03 17:08:33,29.16,16.14,87.13,11,14,11.14,few clouds,0.0,0.0
Qaanaaq,GL,2020-04-03 17:08:33,77.48,-69.36,8.2,81,47,10.56,scattered clouds,0.0,0.0
Redlands,US,2020-04-03 17:08:33,34.06,-117.18,66.2,71,75,6.58,haze,0.0,0.0
Provideniya,RU,2020-04-03 17:08:33,64.38,-173.3,21.16,96,96,1.36,overcast clouds,0.0,0.0
Usinsk,RU,2020-04-03 17:08:34,65.99,57.53,32.63,94,100,23.38,light snow,0.0,0.01732283464566929
Bethel,US,2020-04-03 17:08:34,41.37,-73.41,50.0,75,90,13.87,light rain,0.0,0.0
Abu Dhabi,AE,2020-04-03 17:08:13,24.47,54.37,82.4,57,0,9.17,clear sky,0.0,0.0
Gazimurskiy Zavod,RU,2020-04-03 17:08:34,51.55,118.33,19.26,72,0,1.28,clear sky,0.0,0.0
Lorengau,PG,2020-04-03 17:08:34,-2.02,147.27,81.59,81,77,9.28,moderate rain,0.13307086614173227,0.0
Namatanai,PG,2020-04-03 17:08:35,-3.67,152.43,78.94,85,100,7.4,moderate rain,0.12913385826771653,0.0
Muros,ES,2020-04-03 17:08:35,42.78,-9.06,69.01,45,20,6.93,few clouds,0.0,0.0
Tautira,PF,2020-04-03 17:08:35,-17.73,-149.15,78.8,83,40,2.24,scattered clouds,0.0,0.0
Tevaitoa,PF,2020-04-03 17:08:35,-16.78,-151.5,83.75,75,28,12.08,light rain,0.06299212598425198,0.0
Cockburn Town,TC,2020-04-03 17:08:35,21.46,-71.14,78.8,65,75,8.05,broken clouds,0.0,0.0
Port Lincoln,AU,2020-04-03 17:08:35,-34.73,135.87,57.69,64,53,23.15,light rain,0.00826771653543307,0.0
Bouloupari,NC,2020-04-03 17:08:35,-21.87,166.05,73.4,88,100,8.05,light rain,0.009055118110236222,0.0
Iwamizawa,JP,2020-04-03 17:08:36,43.2,141.76,37.99,18,83,3.0,broken clouds,0.0,0.0
Kabanjahe,ID,2020-04-03 17:08:36,3.1,98.49,78.8,94,40,3.36,mist,0.0,0.0
Comodoro Rivadavia,AR,2020-04-03 17:08:36,-45.87,-67.5,69.8,37,40,24.16,scattered clouds,0.0,0.0
Grand-Santi,GF,2020-04-03 17:08:36,4.25,-54.38,83.84,79,84,5.17,moderate rain,0.12637795275590552,0.0
Upernavik,GL,2020-04-03 17:08:36,72.79,-56.15,6.57,85,6,11.03,clear sky,0.0,0.0
Hambantota,LK,2020-04-03 17:08:36,6.12,81.12,80.35,78,2,7.65,clear sky,0.0,0.0
Awbari,LY,2020-04-03 17:08:36,26.59,12.78,85.08,10,0,8.86,clear sky,0.0,0.0
Alice Springs,AU,2020-04-03 17:03:45,-23.7,133.88,75.2,47,2,8.05,clear sky,0.0,0.0
Sindor,RU,2020-04-03 17:08:37,62.86,51.89,33.58,90,100,14.05,light snow,0.0,0.006692913385826772
Ligayan,PH,2020-04-03 17:08:37,4.65,119.47,82.35,79,0,12.24,light rain,0.08267716535433071,0.0
Asfi,MA,2020-04-03 17:07:27,32.3,-9.24,66.11,55,100,14.61,overcast clouds,0.0,0.0
Poum,NC,2020-04-03 17:08:38,-20.23,164.02,79.16,84,99,14.29,light rain,0.013385826771653545,0.0
Joshimath,IN,2020-04-03 17:06:53,30.57,79.57,42.67,23,17,5.7,few clouds,0.0,0.0
Longyearbyen,SJ,2020-04-03 17:06:52,78.22,15.64,-7.6,57,20,27.51,few clouds,0.0,0.0
Guymon,US,2020-04-03 17:08:38,36.68,-101.48,39.2,47,1,16.11,clear sky,0.0,0.0
Hondo,JP,2020-04-03 17:08:38,32.45,130.2,56.21,59,91,5.12,overcast clouds,0.0,0.0
Nouadhibou,MR,2020-04-03 17:08:38,20.93,-17.03,69.8,68,0,18.34,clear sky,0.0,0.0
Vila Velha,BR,2020-04-03 17:08:39,-20.33,-40.29,96.8,44,20,11.41,few clouds,0.0,0.0
Margate,GB,2020-04-03 17:04:36,51.38,1.39,54.0,53,40,5.82,scattered clouds,0.0,0.0
Concarneau,FR,2020-04-03 17:08:39,47.88,-3.92,57.0,58,90,6.93,overcast clouds,0.0,0.0
Bambanglipuro,ID,2020-04-03 17:08:39,-7.95,110.28,79.68,80,82,2.35,light rain,0.021653543307086617,0.0
Broome,US,2020-04-03 17:08:39,42.25,-75.83,45.0,86,90,14.99,overcast clouds,0.0,0.0
Muskogee,US,2020-04-03 17:08:40,35.58,-95.33,42.01,93,90,16.11,light rain,0.0,0.0
Port Macquarie,AU,2020-04-03 17:08:40,-31.43,152.92,71.6,88,73,8.05,broken clouds,0.0,0.0
Alyangula,AU,2020-04-03 17:08:40,-13.85,136.42,75.2,94,11,10.54,few clouds,0.0,0.0
Soyo,AO,2020-04-03 17:08:40,-6.13,12.37,81.93,84,59,7.11,broken clouds,0.0,0.0
Dalvik,IS,2020-04-03 17:08:35,65.97,-18.53,23.0,79,75,11.41,light snow,0.0,0.0
Sur,OM,2020-04-03 17:08:41,22.57,59.53,81.36,54,0,6.76,clear sky,0.0,0.0
Souillac,MU,2020-04-03 17:08:41,-20.52,57.52,75.2,94,40,3.36,scattered clouds,0.0,0.0
Porto Velho,BR,2020-04-03 17:04:35,-8.76,-63.9,82.4,78,75,8.05,broken clouds,0.0,0.0
Nikolskoye,RU,2020-04-03 17:08:41,59.7,30.79,37.4,84,75,15.66,broken clouds,0.0,0.0
Saint-Francois,FR,2020-04-03 17:08:41,46.42,3.91,55.99,50,90,10.29,overcast clouds,0.0,0.0
Gushikawa,JP,2020-04-03 17:08:42,26.35,127.87,69.8,93,90,2.57,overcast clouds,0.0,0.0
Maralal,KE,2020-04-03 17:08:42,1.1,36.7,64.47,50,94,14.5,light rain,0.00984251968503937,0.0
Hami,CN,2020-04-03 17:08:42,42.8,93.45,54.27,21,85,8.88,overcast clouds,0.0,0.0
Sao Joao Da Barra,BR,2020-04-03 17:08:42,-21.64,-41.05,93.2,52,5,11.41,clear sky,0.0,0.0
Puerto Escondido,MX,2020-04-03 17:08:42,15.85,-97.07,80.6,74,5,5.82,clear sky,0.0,0.0
Quatre Cocos,MU,2020-04-03 17:08:42,-20.21,57.76,75.2,94,40,3.36,scattered clouds,0.0,0.0
Barcelos,PT,2020-04-03 17:08:43,41.54,-8.62,69.01,55,5,4.7,clear sky,0.0,0.0
Vagur,FO,2020-04-03 17:08:43,61.47,-6.81,33.39,87,88,14.43,light snow,0.0,0.004724409448818898
Okhotsk,RU,2020-04-03 17:08:43,59.38,143.3,14.29,88,81,9.53,broken clouds,0.0,0.0
Bowen,AU,2020-04-03 17:08:43,-20.02,148.23,70.0,94,40,4.12,scattered clouds,0.0,0.0
Rafaela,AR,2020-04-03 17:08:43,-31.25,-61.49,79.0,33,4,3.0,clear sky,0.0,0.0
Bilibino,RU,2020-04-03 17:08:43,68.05,166.44,-12.05,84,97,1.57,overcast clouds,0.0,0.0
Saldanha,ZA,2020-04-03 17:08:44,-33.01,17.94,86.0,27,10,11.41,clear sky,0.0,0.0
Zhangjiakou,CN,2020-04-03 17:08:44,40.81,114.88,44.06,39,0,4.76,clear sky,0.0,0.0
Avera,US,2020-04-03 17:08:44,33.19,-82.53,72.0,40,1,3.38,clear sky,0.0,0.0
Shitanjing,CN,2020-04-03 17:05:05,39.23,106.34,46.99,4,69,1.99,broken clouds,0.0,0.0
Hervey Bay,AU,2020-04-03 17:08:44,-25.3,152.85,75.99,83,40,5.82,scattered clouds,0.0,0.0
Talas,TR,2020-04-03 17:08:44,38.69,35.55,39.2,86,75,4.56,broken clouds,0.0,0.0
Bulgan,MN,2020-04-03 17:08:44,48.81,103.53,40.87,32,0,3.15,clear sky,0.0,0.0
Lufilufi,WS,2020-04-03 17:08:44,-13.87,-171.6,84.61,69,72,6.82,broken clouds,0.0,0.0
Amersham,GB,2020-04-03 17:08:45,51.67,-0.62,55.99,43,95,9.17,overcast clouds,0.0,0.0
Karratha,AU,2020-04-03 17:08:45,-20.74,116.85,83.55,57,30,5.95,scattered clouds,0.0,0.0
Sambava,MG,2020-04-03 17:08:45,-14.27,50.17,76.77,87,22,9.82,light rain,0.06377952755905512,0.0
Wanning,CN,2020-04-03 17:08:45,18.8,110.4,76.48,89,12,7.29,few clouds,0.0,0.0
Safford,US,2020-04-03 17:08:45,32.83,-109.71,64.99,17,1,6.93,clear sky,0.0,0.0
Aparecida Do Taboado,BR,2020-04-03 17:08:12,-20.09,-51.09,84.51,60,34,9.44,scattered clouds,0.0,0.0
Ilulissat,GL,2020-04-03 17:06:15,69.22,-51.1,8.6,65,75,2.24,light snow,0.0,0.0
Spencer,US,2020-04-03 17:08:46,43.14,-95.14,26.6,79,90,17.22,overcast clouds,0.0,0.0
Saint-Pierre,RE,2020-04-03 17:08:46,-21.34,55.48,78.8,83,75,6.93,broken clouds,0.0,0.0
Eucaliptus,BO,2020-04-03 17:08:46,-17.58,-67.52,60.73,14,0,5.95,clear sky,0.0,0.0
Santa Maria,BR,2020-04-03 17:08:46,-29.68,-53.81,69.8,60,75,5.82,broken clouds,0.0,0.0
Dalbandin,PK,2020-04-03 17:08:47,28.89,64.41,77.09,16,9,3.06,clear sky,0.0,0.0
Strezhevoy,RU,2020-04-03 17:08:47,60.73,77.59,32.0,97,8,4.47,clear sky,0.0,0.0
Vrangel,RU,2020-04-03 17:08:47,42.73,133.08,35.37,84,96,21.63,light rain,0.03858267716535433,0.0
Keflavik,IS,2020-04-03 17:08:47,64.0,-22.56,30.2,50,90,20.8,overcast clouds,0.0,0.0
Dezhou,CN,2020-04-03 17:08:47,37.45,116.29,52.65,36,0,5.93,clear sky,0.0,0.0
Uruzgan,AF,2020-04-03 17:08:47,32.83,66.0,55.09,30,70,1.81,broken clouds,0.0,0.0
Tarumovka,RU,2020-04-03 17:08:48,44.08,46.54,42.57,88,60,7.76,broken clouds,0.0,0.0
Leningradskiy,RU,2020-04-03 17:08:48,69.38,178.42,-2.0,86,42,7.85,scattered clouds,0.0,0.0
Yichang,CN,2020-04-03 17:08:48,30.71,111.28,52.99,70,77,3.58,broken clouds,0.0,0.0
Atambua,ID,2020-04-03 17:08:48,-9.11,124.89,74.05,79,12,3.02,few clouds,0.0,0.0
San Patricio,MX,2020-04-03 17:08:48,19.22,-104.7,80.6,78,5,9.17,clear sky,0.0,0.0
Coihaique,CL,2020-04-03 17:08:48,-45.58,-72.07,53.6,93,90,8.05,light intensity shower rain,0.0,0.0
Svetlyy,RU,2020-04-03 17:08:48,54.67,20.13,42.8,69,40,22.37,scattered clouds,0.0,0.0
Kismayo,SO,2020-04-03 17:05:37,-0.36,42.55,84.07,69,84,11.59,broken clouds,0.0,0.0
Palmer,US,2020-04-03 17:08:49,42.16,-72.33,51.01,87,90,16.11,light rain,0.0,0.0
Sangar,RU,2020-04-03 17:08:49,63.92,127.47,2.52,92,36,2.95,scattered clouds,0.0,0.0
Bucerias,MX,2020-04-03 17:08:49,20.75,-105.33,78.01,65,5,3.36,clear sky,0.0,0.0
Chimoio,MZ,2020-04-03 17:08:49,-19.12,33.48,68.0,88,75,3.74,drizzle,0.0,0.0
Iranduba,BR,2020-04-03 17:08:50,-3.28,-60.19,87.8,74,40,5.82,scattered clouds,0.0,0.0
Jiquipilas,MX,2020-04-03 17:08:50,16.67,-93.65,84.2,54,5,4.7,clear sky,0.0,0.0
Saint George,US,2020-04-03 17:05:06,37.1,-113.58,55.0,33,1,2.51,clear sky,0.0,0.0
Kurilsk,RU,2020-04-03 17:08:50,45.23,147.88,31.24,87,0,2.68,clear sky,0.0,0.0
Fairview,US,2020-04-03 17:08:50,40.81,-74.0,55.0,76,90,11.41,light rain,0.0,0.0
Shimoda,JP,2020-04-03 17:08:50,34.67,138.95,51.01,84,71,1.01,broken clouds,0.0,0.0
Shingu,JP,2020-04-03 17:08:50,33.73,135.98,52.77,71,96,5.75,overcast clouds,0.0,0.0
Namibe,AO,2020-04-03 17:08:50,-15.2,12.15,75.25,71,0,5.39,clear sky,0.0,0.0
Mareeba,AU,2020-04-03 17:08:51,-17.0,145.43,72.0,94,49,0.87,scattered clouds,0.0,0.0
Simao,CN,2020-04-03 17:08:51,22.79,100.97,63.25,25,0,0.98,clear sky,0.0,0.0
Paranhos,BR,2020-04-03 17:08:51,-23.89,-55.43,79.5,19,39,6.69,scattered clouds,0.0,0.0
Tayturka,RU,2020-04-03 17:08:51,52.87,103.46,38.07,66,22,0.49,few clouds,0.0,0.0
Kokkola,FI,2020-04-03 17:08:51,63.84,23.13,34.0,80,90,8.05,light snow,0.0,0.0
Numan,NG,2020-04-03 17:08:51,9.47,12.03,91.02,42,60,10.54,light rain,0.013385826771653545,0.0
Egvekinot,RU,2020-04-03 17:08:52,66.32,-179.17,0.72,88,95,9.1,overcast clouds,0.0,0.0
Ugoofaaru,MV,2020-04-03 17:08:52,5.67,73.0,84.2,67,11,10.4,few clouds,0.0,0.0
Lavrentiya,RU,2020-04-03 17:08:52,65.58,-171.0,24.64,97,100,0.43,light snow,0.0,0.009055118110236222
Tochio,JP,2020-04-03 17:08:52,37.47,139.0,44.01,68,5,4.5,clear sky,0.0,0.0
Luderitz,NA,2020-04-03 17:08:52,-26.65,15.16,80.6,47,0,11.41,clear sky,0.0,0.0
Zaranj,AF,2020-04-03 17:08:53,30.97,61.88,73.4,46,20,9.17,thunderstorm,0.0,0.0
Tual,ID,2020-04-03 17:08:53,-5.67,132.75,83.95,76,75,13.24,light rain,0.06299212598425198,0.0
Abu Samrah,SY,2020-04-03 17:08:53,35.3,37.18,54.34,68,10,15.59,clear sky,0.0,0.0
Belousovka,KZ,2020-04-03 17:08:53,50.13,82.52,39.2,69,20,2.24,few clouds,0.0,0.0
Kayes,ML,2020-04-03 17:08:53,14.0,-11.0,106.72,8,5,12.12,clear sky,0.0,0.0
Nioro,GM,2020-04-03 17:08:53,13.35,-15.75,106.36,12,56,7.07,broken clouds,0.0,0.0
Ulaangom,MN,2020-04-03 17:08:54,49.98,92.07,14.61,84,87,0.87,overcast clouds,0.0,0.0
Ordu,TR,2020-04-03 17:08:54,40.91,37.68,38.03,79,100,2.95,light rain,0.04133858267716536,0.0
Bukachacha,RU,2020-04-03 17:08:54,52.98,116.92,18.7,83,0,1.3,clear sky,0.0,0.0
Nuevo Progreso,MX,2020-04-03 17:08:54,23.17,-97.95,86.0,64,68,5.99,light rain,0.005118110236220473,0.0
Lata,PT,2020-04-03 17:08:54,40.16,-8.33,71.01,63,20,10.29,few clouds,0.0,0.0
Havelock,US,2020-04-03 17:08:54,34.88,-76.9,69.01,23,1,19.46,clear sky,0.0,0.0
Ribeira Brava,PT,2020-04-03 17:08:55,32.65,-17.07,62.6,93,75,23.04,light rain,0.0,0.0
Grants Pass,US,2020-04-03 17:04:38,42.44,-123.33,46.0,47,1,2.42,clear sky,0.0,0.0
Ahipara,NZ,2020-04-03 17:08:55,-35.17,173.17,61.27,82,1,6.82,clear sky,0.0,0.0
Jinchang,CN,2020-04-03 17:08:56,38.5,102.17,42.44,27,99,3.6,overcast clouds,0.0,0.0
Sharjah,AE,2020-04-03 17:08:56,25.36,55.4,87.8,37,5,3.36,clear sky,0.0,0.0
Teguise,ES,2020-04-03 17:08:56,29.06,-13.56,69.8,64,20,13.87,few clouds,0.0,0.0
Tilichiki,RU,2020-04-03 17:08:56,60.47,166.1,-3.57,88,73,12.01,broken clouds,0.0,0.0
Mandal,IN,2020-04-03 17:08:56,25.45,74.57,77.95,14,0,7.81,clear sky,0.0,0.0
Kaili,ID,2020-04-03 17:08:57,-3.46,120.21,73.0,69,100,4.76,moderate rain,0.16338582677165356,0.0
Vardo,NO,2020-04-03 17:08:57,70.37,31.11,19.4,73,20,6.93,few clouds,0.0,0.0
Mecca,SA,2020-04-03 17:06:04,21.43,39.83,79.05,19,0,6.42,clear sky,0.0,0.0
Roma,US,2020-04-03 17:08:57,43.21,-75.46,46.99,87,90,8.05,overcast clouds,0.0,0.0
Port Blair,IN,2020-04-03 17:08:57,11.67,92.75,82.56,69,2,5.12,clear sky,0.0,0.0
Tocopilla,CL,2020-04-03 17:08:57,-22.09,-70.2,84.92,32,22,5.06,few clouds,0.0,0.0
Bogorodskoye,RU,2020-04-03 17:08:58,56.55,37.88,38.44,77,88,14.36,overcast clouds,0.0,0.0
Guiyang,CN,2020-04-03 17:08:58,26.58,106.72,46.4,93,90,4.47,overcast clouds,0.0,0.0
Priekule,LV,2020-04-03 17:08:58,56.45,21.59,42.8,81,59,18.34,light snow,0.0,0.014173228346456693
Bograd,RU,2020-04-03 17:08:58,54.23,90.83,42.8,56,92,4.47,overcast clouds,0.0,0.0
Torbay,CA,2020-04-03 17:08:58,47.67,-52.73,37.4,95,90,18.34,fog,0.0,0.0
Sorong,ID,2020-04-03 17:08:59,-0.88,131.25,78.1,85,89,3.53,overcast clouds,0.0,0.0
Praia Da Vitoria,PT,2020-04-03 17:08:59,38.73,-27.07,66.2,72,40,21.39,scattered clouds,0.0,0.0
Santa Rosalia,MX,2020-04-03 17:08:59,27.32,-112.28,74.88,28,97,1.77,overcast clouds,0.0,0.0
Meulaboh,ID,2020-04-03 17:08:59,4.14,96.13,80.06,83,99,4.74,overcast clouds,0.0,0.0
Marfino,RU,2020-04-03 17:08:59,55.7,37.38,50.0,36,94,8.95,overcast clouds,0.0,0.0
Chapais,CA,2020-04-03 17:08:59,49.78,-74.85,44.6,65,90,16.11,overcast clouds,0.0,0.0
Nanakuli,US,2020-04-03 17:09:00,21.39,-158.15,73.4,100,20,4.05,few clouds,0.0,0.0
La Rioja,ES,2020-04-03 17:09:00,42.25,-2.5,60.8,44,0,3.36,clear sky,0.0,0.0
La Grande,US,2020-04-03 17:07:54,45.32,-118.09,43.0,92,90,4.7,overcast clouds,0.0,0.0
Rantepao,ID,2020-04-03 17:09:00,-2.97,119.9,68.79,72,100,1.45,moderate rain,0.2377952755905512,0.0
Pangnirtung,CA,2020-04-03 17:09:00,66.15,-65.71,-9.4,69,5,2.3,clear sky,0.0,0.0
Itarema,BR,2020-04-03 17:09:01,-2.92,-39.92,82.4,94,90,9.89,thunderstorm with light rain,0.0,0.0
Rio Gallegos,AR,2020-04-03 17:09:01,-51.62,-69.22,51.8,66,75,2.24,light rain,0.0,0.0
Ubatuba,BR,2020-04-03 17:09:01,-23.43,-45.07,82.4,61,75,11.41,light rain,0.0,0.0
Pacific Grove,US,2020-04-03 17:09:01,36.62,-121.92,55.0,66,40,10.29,scattered clouds,0.0,0.0
Kodiak,US,2020-04-03 17:09:01,57.79,-152.41,33.8,55,1,13.87,clear sky,0.0,0.0
Komsomolskiy,UZ,2020-04-03 17:09:01,40.43,71.72,59.0,51,48,6.93,scattered clouds,0.0,0.0
Suez,EG,2020-04-03 17:06:04,29.97,32.53,74.71,30,0,11.92,clear sky,0.0,0.0
Montauban,FR,2020-04-03 17:09:02,44.08,1.5,59.0,68,0,10.29,clear sky,0.0,0.0
Henties Bay,NA,2020-04-03 17:09:02,-22.12,14.28,61.0,92,0,1.01,clear sky,0.0,0.0
Birin,NP,2020-04-03 17:09:02,26.89,88.07,57.4,19,0,4.92,clear sky,0.0,0.0
Faya,SA,2020-04-03 17:09:02,18.39,42.45,71.6,60,21,6.93,light rain,0.01299212598425197,0.0
Omboue,GA,2020-04-03 17:09:02,-1.57,9.26,80.85,87,92,7.83,overcast clouds,0.0,0.0
Paamiut,GL,2020-04-03 17:09:03,61.99,-49.67,28.87,90,0,5.84,clear sky,0.0,0.0
Yar-Sale,RU,2020-04-03 17:09:03,66.83,70.83,29.57,97,97,16.96,light snow,0.0,0.00826771653543307
Qasigiannguit,GL,2020-04-03 17:09:03,68.82,-51.19,8.6,65,75,2.24,light snow,0.0,0.0
Kodinsk,RU,2020-04-03 17:09:03,58.69,99.18,36.43,82,100,8.77,light rain,0.012204724409448819,0.0
Halifax,CA,2020-04-03 17:09:03,44.65,-63.57,46.99,100,90,25.28,light rain,0.0,0.0
Payo,ID,2020-04-03 17:09:03,-3.75,103.64,74.82,90,99,1.68,light rain,0.0889763779527559,0.0
Camana,PE,2020-04-03 17:09:04,-16.62,-72.71,77.45,59,6,8.52,clear sky,0.0,0.0
Miandoab,IR,2020-04-03 17:09:04,36.97,46.1,53.6,54,90,6.93,overcast clouds,0.0,0.0
Andenes,NO,2020-04-03 17:09:04,69.31,16.12,28.4,54,40,14.99,shower rain,0.0,0.0
Surt,LY,2020-04-03 17:09:04,31.21,16.59,67.17,66,0,14.58,clear sky,0.0,0.0
Kushiro,JP,2020-04-03 17:09:04,42.98,144.37,33.98,88,53,7.2,broken clouds,0.0,0.0
Tuatapere,NZ,2020-04-03 17:09:04,-46.13,167.68,46.99,96,92,1.97,overcast clouds,0.0,0.0
The Valley,AI,2020-04-03 17:09:05,18.22,-63.06,86.0,61,20,9.17,few clouds,0.0,0.0
Venado Tuerto,AR,2020-04-03 17:09:05,-33.75,-61.97,73.99,41,0,6.87,clear sky,0.0,0.0
Cidreira,BR,2020-04-03 17:09:05,-30.18,-50.21,72.99,59,42,27.04,light rain,0.012598425196850395,0.0
Santa Marta,CO,2020-04-03 17:09:05,11.24,-74.2,96.01,66,90,6.93,overcast clouds,0.0,0.0
Hailar,CN,2020-04-03 17:06:46,49.2,119.7,23.67,72,0,6.89,clear sky,0.0,0.0
Mackay,AU,2020-04-03 17:09:06,-21.15,149.2,71.01,94,40,4.7,scattered clouds,0.0,0.0
Bandarbeyla,SO,2020-04-03 17:09:06,9.49,50.81,81.12,67,70,9.57,broken clouds,0.0,0.0
Rio Claro,BR,2020-04-03 17:06:27,-22.41,-47.56,86.0,48,75,16.11,broken clouds,0.0,0.0
Khatanga,RU,2020-04-03 17:09:06,71.97,102.5,18.91,95,89,17.98,overcast clouds,0.0,0.0
Daru,PG,2020-04-03 17:09:06,-9.08,143.21,77.58,82,1,3.78,clear sky,0.0,0.0
Olbia,IT,2020-04-03 17:09:07,40.92,9.49,55.4,71,20,5.82,few clouds,0.0,0.0
Yuanping,CN,2020-04-03 17:09:07,38.72,112.76,49.46,30,7,2.46,clear sky,0.0,0.0
Alta Floresta,BR,2020-04-03 17:09:07,-9.88,-56.09,87.8,66,40,1.12,scattered clouds,0.0,0.0
Boquira,BR,2020-04-03 17:09:07,-12.82,-42.73,88.38,40,6,3.98,clear sky,0.0,0.0
Kudahuvadhoo,MV,2020-04-03 17:09:07,2.67,72.89,83.41,70,19,12.71,few clouds,0.0,0.0
Zhuhai,CN,2020-04-03 17:09:07,22.28,113.57,69.8,100,40,3.36,scattered clouds,0.0,0.0
Richards Bay,ZA,2020-04-03 17:09:08,-28.78,32.04,71.35,76,84,13.15,broken clouds,0.0,0.0
Houston,US,2020-04-03 17:07:23,29.76,-95.36,77.0,69,40,12.75,scattered clouds,0.0,0.0
Dubti,ET,2020-04-03 17:09:08,11.74,41.09,95.43,25,58,9.57,broken clouds,0.0,0.0
Geraldton,AU,2020-04-03 17:09:08,-28.77,114.6,66.2,37,93,10.29,overcast clouds,0.0,0.0
Sabha,LY,2020-04-03 17:09:08,27.04,14.43,85.12,11,0,8.39,clear sky,0.0,0.0
Kyshtovka,RU,2020-04-03 17:09:09,56.55,76.63,24.78,97,33,5.97,scattered clouds,0.0,0.0
Pecos,US,2020-04-03 17:06:56,31.42,-103.49,51.8,50,40,12.75,scattered clouds,0.0,0.0
Akdepe,TM,2020-04-03 17:09:09,42.06,59.38,64.4,55,56,9.17,broken clouds,0.0,0.0
Tabuk,PH,2020-04-03 17:09:09,17.42,121.44,72.36,75,0,3.96,clear sky,0.0,0.0
Visegrad,BA,2020-04-03 17:09:09,43.78,19.3,46.4,52,98,5.82,light rain,0.004330708661417323,0.0
Colares,PT,2020-04-03 17:09:09,38.8,-9.45,69.01,42,20,8.05,few clouds,0.0,0.0
Syracuse,IT,2020-04-03 17:09:10,37.09,15.28,55.4,82,75,10.29,broken clouds,0.0,0.0
Zlitan,LY,2020-04-03 17:09:10,32.47,14.57,62.85,83,23,21.63,few clouds,0.0,0.0
Jadu,LY,2020-04-03 17:09:10,31.95,12.03,55.27,68,66,22.57,light rain,0.008661417322834646,0.0
Dongsheng,CN,2020-04-03 17:09:10,39.82,109.98,40.98,31,5,4.7,clear sky,0.0,0.0
Skjervoy,NO,2020-04-03 17:09:10,70.03,20.97,28.4,79,75,12.75,shower rain,0.0,0.0
Coracora,PE,2020-04-03 17:09:10,-15.03,-73.78,64.11,21,2,5.7,light rain,0.029921259842519688,0.0
Pevek,RU,2020-04-03 17:09:10,69.7,170.31,1.56,94,100,10.4,light snow,0.0,0.011023622047244096
Kuala Lipis,MY,2020-04-03 17:09:11,4.18,102.05,73.69,90,76,0.78,light rain,0.02598425196850394,0.0
Husavik,IS,2020-04-03 17:09:11,66.04,-17.34,23.0,79,75,11.41,light snow,0.0,0.0
Lincoln,US,2020-04-03 17:06:00,40.8,-96.67,28.4,68,90,21.92,overcast clouds,0.0,0.0
Umm Kaddadah,SD,2020-04-03 17:09:11,13.6,26.69,89.47,10,9,11.03,clear sky,0.0,0.0
Serabu,SL,2020-04-03 17:09:11,7.8,-12.05,88.65,58,70,9.71,light rain,0.011811023622047244,0.0
Boden,SE,2020-04-03 17:09:11,65.83,21.69,32.0,93,81,17.22,broken clouds,0.0,0.0
Narsaq,GL,2020-04-03 17:09:12,60.92,-46.05,33.8,31,5,4.7,clear sky,0.0,0.0
Rajampet,IN,2020-04-03 17:09:12,14.18,79.17,76.01,67,0,4.38,clear sky,0.0,0.0
Sisimiut,GL,2020-04-03 17:09:12,66.94,-53.67,12.47,90,84,13.85,broken clouds,0.0,0.0
De-Kastri,RU,2020-04-03 17:09:12,51.47,140.78,27.66,96,98,12.1,light snow,0.0,0.011023622047244096
Cabo San Lucas,MX,2020-04-03 17:08:17,22.89,-109.91,84.99,40,20,5.82,few clouds,0.0,0.0
San Andres,CO,2020-04-03 17:09:12,12.58,-81.7,86.0,62,40,10.29,scattered clouds,0.0,0.0
Tezu,IN,2020-04-03 17:09:13,27.92,96.17,68.94,40,67,4.68,light rain,0.010236220472440946,0.0
Pisco,PE,2020-04-03 17:09:13,-13.7,-76.22,75.0,30,0,8.05,clear sky,0.0,0.0
Ancona,IT,2020-04-03 17:09:13,43.55,13.17,55.0,62,0,4.7,clear sky,0.0,0.0
Kruisfontein,ZA,2020-04-03 17:09:13,-34.0,24.73,71.42,57,0,6.15,clear sky,0.0,0.0
Praia,CV,2020-04-03 17:09:13,14.92,-23.51,89.6,31,36,13.87,scattered clouds,0.0,0.0
Lamu,KE,2020-04-03 17:09:13,-2.27,40.9,83.21,74,94,8.37,light rain,0.007874015748031498,0.0
Los Lunas,US,2020-04-03 17:09:14,34.81,-106.73,63.0,25,1,5.82,clear sky,0.0,0.0
Caucaia,BR,2020-04-03 17:06:49,-3.74,-38.65,89.6,59,20,17.22,few clouds,0.0,0.0
Raudeberg,NO,2020-04-03 17:09:14,61.99,5.14,35.6,69,40,16.11,shower rain,0.0,0.0
Puerto Quijarro,BO,2020-04-03 17:09:14,-17.78,-57.77,85.82,59,82,7.31,broken clouds,0.0,0.0
Tarata,BO,2020-04-03 17:09:15,-17.62,-66.02,77.0,36,40,2.75,scattered clouds,0.0,0.0
Kropotkin,RU,2020-04-03 17:09:15,45.44,40.58,47.79,72,0,7.61,clear sky,0.0,0.0
Maniitsoq,GL,2020-04-03 17:09:15,65.42,-52.9,20.86,91,0,20.65,clear sky,0.0,0.0
Tiznit,MA,2020-04-03 17:09:15,29.58,-9.5,64.62,38,85,6.78,overcast clouds,0.0,0.0
Tomatlan,MX,2020-04-03 17:09:16,19.93,-105.25,88.77,28,18,9.19,few clouds,0.0,0.0
Mayo,US,2020-04-03 17:04:37,38.89,-76.51,62.01,43,1,13.87,clear sky,0.0,0.0
Makokou,GA,2020-04-03 17:09:16,0.57,12.86,76.53,79,48,3.27,light rain,0.05,0.0
Vanimo,PG,2020-04-03 17:09:16,-2.67,141.3,78.71,86,100,11.36,moderate rain,0.1236220472440945,0.0
Yerbogachen,RU,2020-04-03 17:09:16,61.28,108.01,36.09,86,100,10.54,overcast clouds,0.0,0.0
Victoria,HK,2020-04-03 17:08:33,22.29,114.16,69.8,88,40,11.41,scattered clouds,0.0,0.0
Kavieng,PG,2020-04-03 17:09:17,-2.57,150.8,82.31,77,100,12.77,moderate rain,0.1220472440944882,0.0
Nador,MA,2020-04-03 17:05:49,35.17,-2.93,62.6,63,0,9.17,clear sky,0.0,0.0
Bilma,NE,2020-04-03 17:09:17,18.69,12.92,93.61,9,15,7.0,few clouds,0.0,0.0
Aswan,EG,2020-04-03 17:09:17,24.09,32.91,79.18,15,0,8.25,clear sky,0.0,0.0
Maryville,US,2020-04-03 17:09:17,35.76,-83.97,69.01,41,40,10.29,scattered clouds,0.0,0.0
Nome,US,2020-04-03 17:07:40,64.5,-165.41,30.99,100,90,12.75,mist,0.0,0.0
Bacolod,PH,2020-04-03 17:09:18,10.67,122.95,79.48,75,0,9.75,clear sky,0.0,0.0
Beruwala,LK,2020-04-03 17:09:18,6.48,79.98,79.9,75,1,3.11,clear sky,0.0,0.0
Jalalpur,PK,2020-04-03 17:08:05,32.64,74.22,71.6,60,45,4.85,smoke,0.0,0.0
Launceston,AU,2020-04-03 17:09:18,-41.45,147.17,59.0,87,75,18.34,heavy intensity rain,0.0,0.0
North Platte,US,2020-04-03 17:09:19,41.12,-100.77,30.2,54,20,11.41,few clouds,0.0,0.0
Domanivka,UA,2020-04-03 17:09:19,47.63,30.99,43.77,55,0,13.44,clear sky,0.0,0.0
Darhan,MN,2020-04-03 17:09:19,49.49,105.92,44.6,38,1,5.08,clear sky,0.0,0.0
Mehamn,NO,2020-04-03 17:09:19,71.04,27.85,21.2,79,97,13.87,overcast clouds,0.0,0.0
Petropavlovsk-Kamchatskiy,RU,2020-04-03 17:09:19,53.05,158.65,30.2,46,100,17.9,overcast clouds,0.0,0.0
Bonavista,CA,2020-04-03 17:09:20,48.65,-53.11,30.99,85,100,14.0,light snow,0.0,0.005118110236220473
Murray Bridge,AU,2020-04-03 17:09:20,-35.12,139.27,59.0,85,42,8.99,light rain,0.029921259842519688,0.0
Galle,LK,2020-04-03 17:09:20,6.04,80.22,79.45,79,2,9.22,clear sky,0.0,0.0
Lakes Entrance,AU,2020-04-03 17:09:20,-37.88,147.98,61.32,70,92,7.78,overcast clouds,0.0,0.0
Liwale,TZ,2020-04-03 17:09:05,-9.77,37.93,68.65,77,50,3.2,scattered clouds,0.0,0.0
Korla,CN,2020-04-03 17:09:20,41.76,86.15,52.92,28,100,3.76,overcast clouds,0.0,0.0
Jiuquan,CN,2020-04-03 17:09:20,39.74,98.52,39.63,31,57,0.58,broken clouds,0.0,0.0
Santa Isabel Do Rio Negro,BR,2020-04-03 17:09:21,-0.41,-65.02,78.71,94,96,3.76,moderate rain,0.2074803149606299,0.0
Portland,US,2020-04-03 17:05:19,45.52,-122.68,43.0,86,90,5.82,overcast clouds,0.0,0.0
Pokrovsk,UA,2020-04-03 17:09:21,48.28,37.18,45.79,50,0,5.64,clear sky,0.0,0.0
Poltavka,RU,2020-04-03 17:09:21,54.37,71.76,32.81,87,0,5.82,clear sky,0.0,0.0
Waingapu,ID,2020-04-03 17:09:21,-9.66,120.26,79.32,77,48,4.09,scattered clouds,0.0,0.0
Whitehorse,CA,2020-04-03 17:06:05,60.72,-135.05,18.0,51,90,18.34,overcast clouds,0.0,0.0
Goundam,ML,2020-04-03 17:05:10,16.41,-3.67,98.02,8,1,6.53,clear sky,0.0,0.0
Marzuq,YE,2020-04-03 17:09:22,14.4,46.47,76.44,32,47,6.33,scattered clouds,0.0,0.0
Oshnaviyeh,IR,2020-04-03 17:09:22,37.04,45.1,51.8,50,75,4.7,broken clouds,0.0,0.0
Matara,LK,2020-04-03 17:09:22,5.95,80.54,77.05,84,0,6.46,clear sky,0.0,0.0
Stornoway,GB,2020-04-03 17:09:22,58.21,-6.39,43.0,81,91,4.7,light rain,0.004330708661417323,0.0
Sugag,RO,2020-04-03 17:09:22,45.77,23.63,50.0,53,13,3.36,few clouds,0.0,0.0
Solnechnyy,RU,2020-04-03 17:09:22,50.72,136.63,22.73,93,60,4.92,light snow,0.0,0.01968503937007874
Mar Del Plata,AR,2020-04-03 17:05:05,-38.0,-57.56,66.2,68,40,5.82,scattered clouds,0.0,0.0
Robertsport,LR,2020-04-03 17:09:23,6.75,-11.37,83.08,77,33,11.12,light rain,0.014173228346456693,0.0
Severo-Yeniseyskiy,RU,2020-04-03 17:09:23,60.37,93.04,20.17,94,67,6.55,light snow,0.0,0.006299212598425198
Teya,RU,2020-04-03 17:09:23,60.38,92.63,22.84,94,46,5.48,scattered clouds,0.0,0.0
Dudinka,RU,2020-04-03 17:09:23,69.41,86.18,10.4,85,40,33.55,light snow,0.0,0.0
Lagoa,PT,2020-04-03 17:09:24,39.05,-27.98,60.48,85,82,27.27,light rain,0.047244094488188976,0.0
Qaqortoq,GL,2020-04-03 17:09:24,60.72,-46.03,33.8,31,5,4.7,clear sky,0.0,0.0
Kinkala,CG,2020-04-03 17:09:24,-4.36,14.76,75.58,80,64,4.12,broken clouds,0.0,0.0
Mersing,MY,2020-04-03 17:09:24,2.43,103.84,82.4,83,2,3.36,clear sky,0.0,0.0
Kyzyl-Suu,KG,2020-04-03 17:09:24,42.34,78.0,38.48,34,21,3.13,few clouds,0.0,0.0
Depok,ID,2020-04-03 17:09:24,-6.4,106.82,82.4,78,20,1.12,haze,0.0,0.0
Ambon,ID,2020-04-03 17:09:25,-3.7,128.18,80.6,83,40,5.82,scattered clouds,0.0,0.0
Necochea,AR,2020-04-03 17:09:25,-38.55,-58.74,75.99,64,10,1.01,clear sky,0.0,0.0
Rahimatpur,IN,2020-04-03 17:09:25,17.6,74.2,82.65,30,61,7.27,broken clouds,0.0,0.0
Vila Franca Do Campo,PT,2020-04-03 17:09:25,37.72,-25.43,62.6,82,20,6.93,few clouds,0.0,0.0
Pandan,PH,2020-04-03 17:09:25,14.05,124.17,80.08,77,9,12.82,clear sky,0.0,0.0
Gizo,SB,2020-04-03 17:09:26,-8.1,156.84,81.73,77,100,10.36,moderate rain,0.12559055118110238,0.0
Sao Fidelis,BR,2020-04-03 17:09:26,-21.65,-41.75,91.4,52,11,11.41,light rain,0.02874015748031496,0.0
Pierre,US,2020-04-03 17:05:01,44.37,-100.35,21.99,73,20,17.22,few clouds,0.0,0.0
Alenquer,BR,2020-04-03 17:09:26,-1.94,-54.74,86.0,74,20,6.93,few clouds,0.0,0.0
Astana,KZ,2020-04-03 17:04:35,51.18,71.45,32.0,78,3,8.95,clear sky,0.0,0.0
Riyadh,SA,2020-04-03 17:09:26,24.69,46.72,86.0,22,20,16.11,dust,0.0,0.0
Mutoko,ZW,2020-04-03 17:09:26,-17.4,32.23,65.26,55,93,5.1,light rain,0.006692913385826772,0.0
Belaya Gora,RU,2020-04-03 17:09:27,68.53,146.42,-12.3,89,8,4.12,clear sky,0.0,0.0
Maningrida,AU,2020-04-03 17:09:27,-12.07,134.27,80.6,76,13,3.69,few clouds,0.0,0.0
Lebu,CL,2020-04-03 17:09:27,-37.62,-73.65,64.54,51,76,16.22,broken clouds,0.0,0.0
Burnie,AU,2020-04-03 17:09:27,-41.07,145.92,57.0,97,100,1.99,moderate rain,0.23425196850393704,0.0
Mana,GF,2020-04-03 17:09:28,5.66,-53.78,84.36,67,67,10.67,broken clouds,0.0,0.0
Fairbanks,US,2020-04-03 17:09:28,64.84,-147.72,30.0,100,90,2.46,light snow,0.0,0.0
Imeni Zhelyabova,RU,2020-04-03 17:09:28,58.95,36.6,37.27,74,67,12.66,broken clouds,0.0,0.0
Najran,SA,2020-04-03 17:09:28,17.49,44.13,80.6,47,75,11.41,broken clouds,0.0,0.0
Sumbe,AO,2020-04-03 17:09:28,-11.21,13.84,79.43,83,99,4.74,overcast clouds,0.0,0.0
Kashi,CN,2020-04-03 17:09:29,39.45,75.98,53.6,30,63,2.24,broken clouds,0.0,0.0
Temir,KZ,2020-04-03 17:09:29,49.14,57.13,50.43,70,100,15.7,light rain,0.05078740157480315,0.0
Turkistan,KZ,2020-04-03 17:09:29,43.0,68.0,64.85,35,35,8.23,scattered clouds,0.0,0.0
Yellandu,IN,2020-04-03 17:09:29,17.6,80.33,81.23,51,29,4.9,scattered clouds,0.0,0.0
Kalmunai,LK,2020-04-03 17:09:29,7.42,81.82,80.6,77,0,4.41,clear sky,0.0,0.0
Arlit,NE,2020-04-03 17:09:30,18.74,7.39,93.92,8,7,8.03,clear sky,0.0,0.0
Vestmannaeyjar,IS,2020-04-03 17:09:30,63.44,-20.27,32.0,82,75,28.86,broken clouds,0.0,0.0
Lanzhou,CN,2020-04-03 17:09:30,36.06,103.79,37.4,69,40,2.24,scattered clouds,0.0,0.0
Broken Hill,AU,2020-04-03 17:09:30,-31.95,141.43,57.2,71,20,23.04,few clouds,0.0,0.0
Talnakh,RU,2020-04-03 17:09:31,69.49,88.4,10.4,85,40,33.55,light snow,0.0,0.0
Rabak,SD,2020-04-03 17:09:31,13.18,32.74,92.32,10,4,13.76,clear sky,0.0,0.0
Kalmar,SE,2020-04-03 17:09:31,56.66,16.36,37.4,74,66,19.46,broken clouds,0.0,0.0
Swift Current,CA,2020-04-03 17:09:31,50.28,-107.8,17.6,57,1,16.11,clear sky,0.0,0.0
Limbe,CM,2020-04-03 17:09:31,4.02,9.21,87.8,74,40,3.36,scattered clouds,0.0,0.0
Clearwater,US,2020-04-03 17:09:31,27.97,-82.8,82.99,50,1,6.93,clear sky,0.0,0.0
Wardenburg,DE,2020-04-03 17:09:31,53.07,8.2,48.0,45,75,9.17,broken clouds,0.0,0.0
Mocuba,MZ,2020-04-03 17:09:32,-16.84,36.99,71.38,92,68,4.59,light rain,0.04212598425196851,0.0
Tarko-Sale,RU,2020-04-03 17:09:32,64.92,77.78,21.0,82,28,16.6,scattered clouds,0.0,0.0
San Vicente,AR,2020-04-03 17:09:32,-26.62,-54.13,73.15,34,0,5.88,clear sky,0.0,0.0
Port-Cartier,CA,2020-04-03 17:09:32,50.03,-66.87,41.0,92,75,12.75,broken clouds,0.0,0.0
Svetlogorsk,BY,2020-04-03 17:09:33,52.63,29.73,41.61,75,89,9.89,light rain,0.006299212598425198,0.0
Atasu,KZ,2020-04-03 17:09:33,48.68,71.64,43.39,69,1,9.51,clear sky,0.0,0.0
Bathsheba,BB,2020-04-03 17:09:33,13.22,-59.52,80.44,73,95,12.84,overcast clouds,0.0,0.0
Imbituba,BR,2020-04-03 17:09:34,-28.24,-48.67,80.6,69,40,13.87,scattered clouds,0.0,0.0
Manavalakurichi,IN,2020-04-03 17:09:34,8.13,77.3,86.0,70,20,2.24,haze,0.0,0.0
Havre-Saint-Pierre,CA,2020-04-03 17:09:34,50.23,-63.6,41.0,56,90,12.75,overcast clouds,0.0,0.0
Trelew,AR,2020-04-03 17:06:03,-43.25,-65.31,80.19,16,29,9.19,scattered clouds,0.0,0.0
Dawson Creek,CA,2020-04-03 17:09:34,55.77,-120.24,-2.2,76,1,2.24,clear sky,0.0,0.0
Gashua,NG,2020-04-03 17:08:04,12.87,11.05,95.7,13,9,6.11,clear sky,0.0,0.0
Brae,GB,2020-04-03 17:09:35,60.4,-1.35,39.2,69,100,14.99,light snow,0.0,0.005118110236220473
Hasaki,JP,2020-04-03 17:09:35,35.73,140.83,55.4,82,75,10.29,shower rain,0.0,0.0
Basco,PH,2020-04-03 17:09:35,20.45,121.97,77.4,86,46,15.79,light rain,0.012598425196850395,0.0
Wanaka,NZ,2020-04-03 17:09:35,-44.7,169.15,48.0,85,92,4.59,overcast clouds,0.0,0.0
Soeng Sang,TH,2020-04-03 17:09:35,14.43,102.46,86.0,61,16,5.21,few clouds,0.0,0.0
Cuencame,MX,2020-04-03 17:09:35,24.87,-103.7,79.59,9,8,6.73,clear sky,0.0,0.0
Amuntai,ID,2020-04-03 17:09:36,-2.42,115.25,75.85,93,99,1.39,light rain,0.06023622047244095,0.0
Pitea,SE,2020-04-03 17:09:36,65.32,21.48,35.01,93,76,17.22,broken clouds,0.0,0.0
Goderich,CA,2020-04-03 17:09:36,43.75,-81.72,48.99,77,1,12.28,clear sky,0.0,0.0
Grindavik,IS,2020-04-03 17:09:36,63.84,-22.43,30.2,50,90,20.8,overcast clouds,0.0,0.0
Hofn,IS,2020-04-03 17:09:36,64.25,-15.21,28.4,46,100,17.22,light snow,0.0,0.008661417322834646
Hibbing,US,2020-04-03 17:09:37,47.43,-92.94,30.0,85,90,6.93,mist,0.0,0.0
Nawada,IN,2020-04-03 17:09:37,24.88,85.53,73.4,46,0,4.14,haze,0.0,0.0
Zhigansk,RU,2020-04-03 17:09:37,66.77,123.37,11.28,94,100,23.44,overcast clouds,0.0,0.0
Haputale,LK,2020-04-03 17:09:37,6.77,80.96,60.04,73,19,0.31,few clouds,0.0,0.0
Rocha,UY,2020-04-03 17:09:37,-34.48,-54.33,69.19,54,35,11.05,scattered clouds,0.0,0.0
Jumla,NP,2020-04-03 17:06:10,29.27,82.18,41.94,24,18,4.29,few clouds,0.0,0.0
Dovbysh,UA,2020-04-03 17:09:37,50.37,27.99,43.9,60,38,8.81,scattered clouds,0.0,0.0
Janakkala,FI,2020-04-03 17:09:38,60.9,24.6,35.6,64,75,17.22,broken clouds,0.0,0.0
Itoman,JP,2020-04-03 17:09:38,26.12,127.67,69.8,73,75,3.36,broken clouds,0.0,0.0
Big Rapids,US,2020-04-03 17:09:38,43.7,-85.48,62.01,22,1,5.82,clear sky,0.0,0.0
Vostok,RU,2020-04-03 17:09:38,46.49,135.88,26.55,84,100,3.96,light snow,0.0,0.004724409448818898
Dubai,AE,2020-04-03 17:04:55,25.26,55.3,87.8,25,2,6.93,clear sky,0.0,0.0
Klaksvik,FO,2020-04-03 17:09:39,62.23,-6.59,32.0,84,98,1.12,overcast clouds,0.0,0.0
Roald,NO,2020-04-03 17:09:39,62.58,6.13,35.6,64,75,8.05,shower rain,0.0,0.0
Innisfail,AU,2020-04-03 17:09:39,-17.53,146.03,70.47,89,1,3.29,clear sky,0.0,0.0
Tessalit,ML,2020-04-03 17:09:39,20.2,1.01,92.14,9,24,7.81,few clouds,0.0,0.0
Saint-Georges,GD,2020-04-03 17:09:40,12.06,-61.75,84.2,74,20,17.22,few clouds,0.0,0.0
Ribnitz-Damgarten,DE,2020-04-03 17:09:40,54.25,12.47,46.99,56,40,18.34,shower rain,0.0,0.0
El Alto,PE,2020-04-03 17:09:40,-4.27,-81.21,62.6,100,85,14.99,overcast clouds,0.0,0.0
Salina Cruz,MX,2020-04-03 17:09:40,16.17,-95.2,89.26,48,1,10.09,clear sky,0.0,0.0
Sovetskiy,RU,2020-04-03 17:09:40,61.36,63.58,32.29,91,0,10.18,clear sky,0.0,0.0
Fort Nelson,CA,2020-04-03 17:07:21,58.81,-122.7,-2.2,70,75,9.17,broken clouds,0.0,0.0
Atikokan,CA,2020-04-03 17:09:41,48.76,-91.62,31.51,84,100,6.51,light rain,0.026377952755905515,0.0
Linqing,CN,2020-04-03 17:09:41,36.85,115.71,50.54,42,10,6.93,clear sky,0.0,0.0
Hovd,MN,2020-04-03 17:09:41,48.01,91.64,33.44,40,71,5.57,broken clouds,0.0,0.0
Port Pirie,AU,2020-04-03 17:09:41,-33.18,138.02,55.4,76,41,9.17,light rain,0.03385826771653543,0.0
Vao,NC,2020-04-03 17:09:41,-22.67,167.48,76.53,79,93,18.92,overcast clouds,0.0,0.0
Pali,IN,2020-04-03 17:09:41,25.77,73.33,80.58,14,0,8.66,clear sky,0.0,0.0
Elk Plain,US,2020-04-03 17:09:42,47.05,-122.4,44.01,75,90,4.7,overcast clouds,0.0,0.0
Araouane,ML,2020-04-03 17:09:42,18.9,-3.53,97.41,9,37,8.61,scattered clouds,0.0,0.0
Wukari,NG,2020-04-03 17:09:42,7.85,9.78,91.18,50,28,6.62,scattered clouds,0.0,0.0
Shenjiamen,CN,2020-04-03 17:09:42,29.96,122.3,53.42,67,89,9.19,overcast clouds,0.0,0.0
Bonfim,BR,2020-04-03 17:09:42,3.08,-59.95,97.52,34,82,10.8,broken clouds,0.0,0.0
Saint-Denis,FR,2020-04-03 17:09:43,48.92,2.33,57.2,54,90,4.7,overcast clouds,0.0,0.0
Taltal,CL,2020-04-03 17:09:43,-25.4,-70.48,69.76,62,90,4.99,overcast clouds,0.0,0.0
Ayagoz,KZ,2020-04-03 17:09:43,47.97,80.44,37.74,56,94,10.89,overcast clouds,0.0,0.0
Paris,FR,2020-04-03 17:09:40,48.85,2.35,57.2,58,86,6.93,light rain,0.01299212598425197,0.0
Kieta,PG,2020-04-03 17:09:43,-6.22,155.63,77.4,82,100,8.1,moderate rain,0.24133858267716538,0.0
